===== SAMPLE 16:58:44 =====

>     NotificationRecord(0x032554f6: pkg=com.autonavi.minimap user=UserHandle{0} id=99910001 tag=null importance=2 key=
0|com.autonavi.minimap|99910001|null|10221: Notification(channel=ROUTE_CHANNEL_ID shortcut=null contentView=null vibrat
e=null sound=null tick defaults=0x0 flags=0x62 color=0x00000000 category=navigation groupKey=ranker_group99910001 capsu
leEnableStatus=-1 vis=PRIVATE))
        uid=10221 userId=0
>       opPkg=com.autonavi.minimap
>       icon=Icon(typ=RESOURCE pkg=com.autonavi.minimap id=0x7f08096d)
        flags=0x62
        pri=0
>       key=0|com.autonavi.minimap|99910001|null|10221
        seen=false
>       groupKey=0|com.autonavi.minimap|99910001|null|10221
        notification=
              fullscreenIntent=null
>             contentIntent=PendingIntent{30c50f7: PendingIntentRecord{955f469 com.autonavi.minimap startActivity (allo
wlist: bff4549:+30s0ms/0/NOTIFICATION_SERVICE/NotificationManagerService)}}
              deleteIntent=null
              number=0
              groupAlertBehavior=0
              when=1789721304320
              tickerText=高德地图
              contentView=null
              bigContentView=null
              headsUpContentView=null
              color=0x00000000
              timeout=unknown
              extras={
                  android.title=String (高德地图)
                  android.reduced.images=Boolean (true)
                  android.subText=null
                  android.showChronometer=Boolean (false)
                  android.text=String (正在导航)
                  android.progress=Integer (0)
                  android.progressMax=Integer (0)
                  specialType=String (floating_window_notification)
>                 android.appInfo=ApplicationInfo (ApplicationInfo{2f3eb64 com.autonavi.minimap})
                  android.showWhen=Boolean (true)
                  notification_should_ringtone=Boolean (false)
                  externalChannelType=Integer (3)
                  android.largeIcon=Icon (Icon(typ=BITMAP size=102x102))
                  PopupBackgroundWindowPrevilege=Boolean (false)
                  android.infoText=null
                  topFullscreen=Boolean (false)
                  isRequestSingleLine=Boolean (false)
                  android.progressIndeterminate=Boolean (false)
                  android.remoteInputHistory=null
                  gameDndOn=Boolean (false)
>                 com.autonavi.minimap.navigating=Boolean (true)
              }
        publicNotification=
              None
        stats=SingleNotificationStats{posttimeElapsedMs=2384251038, posttimeToFirstClickMs=-1, posttimeToDismissMs=-1, 
airtimeCount=0, airtimeMs=0, currentAirtimeStartElapsedMs=-1, airtimeExpandedMs=0, posttimeToFirstVisibleExpansionMs=-1
, currentAirtimeExpandedStartElapsedMs=-1, requestedImportance=3, naturalImportance=2, isNoisy=false}
        mContactAffinity=0.0
        mRecentlyIntrusive=false
        mPackagePriority=0
        mPackageVisibility=-1000
        mSystemImportance=UNSPECIFIED
        mAsstImportance=UNSPECIFIED
        mImportance=LOW
        mImportanceExplanation=app
        mIsAppImportanceLocked=false
        mIntercept=false
        mHidden==false
        mGlobalSortKey=crtcl=0x0002:intrsv=1:grnk=0x0006:gsmry=1:nsk:rnk=0x0006
        mRankingTimeMs=1789721304320
        mCreationTimeMs=1789721303462
        mVisibleSinceMs=0
        mUpdateTimeMs=1789721304329
        mInterruptionTimeMs=1789721304329
        mSuppressedVisualEffects= 0
        mSound= null
        mVibration= null
        mAttributes= AudioAttributes: usage=USAGE_NOTIFICATION content=CONTENT_TYPE_SONIFICATION flags=0x800 tags= bund
le=null
        mLight= null
        mShowBadge=true
        mColorized=false
        mAllowBubble=false
        isBubble=false
>       AppSettings: com.autonavi.minimap (10221)
          NotificationChannel{mId='com.huawei.android.pushagent16320', mName=普通通知, mDescription=, mImportance=3, mBypas
sDnd=false, mLockscreenVisibility=-1000, mSound=content://settings/system/notification_sound, mLights=true, mLightColor
=0, mVibration=null, mUserLockedFields=0, mFgServiceShown=false, mVibrationEnabled=true, mShowBadge=true, mDeleted=fals
e, mDeletedTimeMs=-1, mGroup='null', mAudioAttributes=AudioAttributes: usage=USAGE_NOTIFICATION content=CONTENT_TYPE_SO
NIFICATION flags=0x800 tags= bundle=null, mBlockableSystem=false, mAllowBubbles=-1, mImportanceLockedByOEM=false, mImpo
rtanceLockedDefaultApp=false, mOriginalImp=3, mParent=null, mConversationId=null, mDemoted=false, mImportantConvo=false
}
          NotificationChannel{mId='COMMON_CHANNEL_ID', mName=其他通知, mDescription=hasDescription , mImportance=2, mBypass
Dnd=false, mLockscreenVisibility=-1000, mSound=null, mLights=false, mLightColor=0, mVibration=null, mUserLockedFields=2
0, mFgServiceShown=true, mVibrationEnabled=false, mShowBadge=true, mDeleted=false, mDeletedTimeMs=-1, mGroup='COMMON', 
mAudioAttributes=AudioAttributes: usage=USAGE_NOTIFICATION content=CONTENT_TYPE_SONIFICATION flags=0x800 tags= bundle=n
ull, mBlockableSystem=false, mAllowBubbles=-1, mImportanceLockedByOEM=false, mImportanceLockedDefaultApp=false, mOrigin
alImp=2, mParent=null, mConversationId=null, mDemoted=false, mImportantConvo=false}
          NotificationChannel{mId='com.huawei.android.pushagent.low62953', mName=营销通知, mDescription=, mImportance=1, mB
ypassDnd=false, mLockscreenVisibility=-1, mSound=null, mLights=false, mLightColor=0, mVibration=null, mUserLockedFields
=22, mFgServiceShown=false, mVibrationEnabled=false, mShowBadge=true, mDeleted=false, mDeletedTimeMs=-1, mGroup='null',
 mAudioAttributes=AudioAttributes: usage=USAGE_NOTIFICATION content=CONTENT_TYPE_SONIFICATION flags=0x800 tags= bundle=
null, mBlockableSystem=false, mAllowBubbles=-1, mImportanceLockedByOEM=false, mImportanceLockedDefaultApp=false, mOrigi
nalImp=1, mParent=null, mConversationId=null, mDemoted=false, mImportantConvo=false}
          NotificationChannel{mId='ORDER_CHANNEL_ID', mName=订单通知, mDescription=hasDescription , mImportance=2, mBypassD
nd=false, mLockscreenVisibility=-1000, mSound=null, mLights=false, mLightColor=0, mVibration=null, mUserLockedFields=20
, mFgServiceShown=true, mVibrationEnabled=false, mShowBadge=true, mDeleted=false, mDeletedTimeMs=-1, mGroup='ORDER', mA
udioAttributes=AudioAttributes: usage=USAGE_NOTIFICATION content=CONTENT_TYPE_SONIFICATION flags=0x800 tags= bundle=nul
l, mBlockableSystem=false, mAllowBubbles=-1, mImportanceLockedByOEM=false, mImportanceLockedDefaultApp=false, mOriginal
Imp=2, mParent=null, mConversationId=null, mDemoted=false, mImportantConvo=false}
          NotificationChannel{mId='ROUTE_CHANNEL_ID', mName=导航通知, mDescription=hasDescription , mImportance=2, mBypassD
nd=false, mLockscreenVisibility=-1000, mSound=null, mLights=false, mLightColor=0, mVibration=null, mUserLockedFields=20
, mFgServiceShown=true, mVibrationEnabled=false, mShowBadge=true, mDeleted=false, mDeletedTimeMs=-1, mGroup='ROUTE', mA
udioAttributes=AudioAttributes: usage=USAGE_NOTIFICATION content=CONTENT_TYPE_SONIFICATION flags=0x800 tags= bundle=nul
l, mBlockableSystem=false, mAllowBubbles=-1, mImportanceLockedByOEM=false, mImportanceLockedDefaultApp=false, mOriginal
Imp=2, mParent=null, mConversationId=null, mDemoted=false, mImportantConvo=false}
          NotificationChannel{mId='ScreenRecorderService.Channel', mName=录屏服务, mDescription=, mImportance=4, mBypassDnd
=false, mLockscreenVisibility=-1000, mSound=content://settings/system/notification_sound, mLights=false, mLightColor=0,
 mVibration=null, mUserLockedFields=0, mFgServiceShown=true, mVibrationEnabled=false, mShowBadge=true, mDeleted=false, 
mDeletedTimeMs=-1, mGroup='null', mAudioAttributes=AudioAttributes: usage=USAGE_NOTIFICATION content=CONTENT_TYPE_SONIF
ICATION flags=0x800 tags= bundle=null, mBlockableSystem=false, mAllowBubbles=-1, mImportanceLockedByOEM=false, mImporta
nceLockedDefaultApp=false, mOriginalImp=4, mParent=null, mConversationId=null, mDemoted=false, mImportantConvo=false}
          NotificationChannelGroup{mId='ROUTE', mName=导航通知, mDescription=, mBlocked=false, mChannels=[], mUserLockedFie
lds=0}
          NotificationChannelGroup{mId='ORDER', mName=订单通知, mDescription=, mBlocked=false, mChannels=[], mUserLockedFie
lds=0}
          NotificationChannelGroup{mId='COMMON', mName=常规通知, mDescription=, mBlocked=false, mChannels=[], mUserLockedFi
elds=0}
        AppSettings: com.android.systemui (10084)
          NotificationChannel{mId='trafficnotification', mName=流量显示, mDescription=, mImportance=1, mBypassDnd=false, mL
ockscreenVisibility=-1000, mSound=content://settings/system/notification_sound, mLights=false, mLightColor=0, mVibratio
n=null, mUserLockedFields=0, mFgServiceShown=false, mVibrationEnabled=false, mShowBadge=true, mDeleted=false, mDeletedT
imeMs=-1, mGroup='null', mAudioAttributes=AudioAttributes: usage=USAGE_NOTIFICATION content=CONTENT_TYPE_SONIFICATION f
lags=0x800 tags= bundle=null, mBlockableSystem=false, mAllowBubbles=-1, mImportanceLockedByOEM=false, mImportanceLocked
DefaultApp=false, mOriginalImp=1, mParent=null, mConversationId=null, mDemoted=false, mImportantConvo=false}
          NotificationChannel{mId='ALR', mName=提醒, mDescription=, mImportance=4, mBypassDnd=false, mLockscreenVisibilit
y=-1000, mSound=content://settings/system/notification_sound, mLights=false, mLightColor=0, mVibration=null, mUserLocke
dFields=0, mFgServiceShown=false, mVibrationEnabled=false, mShowBadge=true, mDeleted=false, mDeletedTimeMs=-1, mGroup='
null', mAudioAttributes=AudioAttributes: usage=USAGE_NOTIFICATION content=CONTENT_TYPE_SONIFICATION flags=0x800 tags= b
undle=null, mBlockableSystem=false, mAllowBubbles=-1, mImportanceLockedByOEM=false, mImportanceLockedDefaultApp=false, 
mOriginalImp=4, mParent=null, mConversationId=null, mDemoted=false, mImportantConvo=false}
          NotificationChannel{mId='BAT', mName=电池, mDescription=, mImportance=5, mBypassDnd=false, mLockscreenVisibilit
y=-1000, mSound=file:///system/media/audio/ui/LowBattery.ogg, mLights=false, mLightColor=0, mVibration=null, mUserLocke
dFields=0, mFgServiceShown=false, mVibrationEnabled=false, mShowBadge=true, mDeleted=false, mDeletedTimeMs=-1, mGroup='
null', mAudioAttributes=AudioAttributes: usage=USAGE_NOTIFICATION_EVENT content=CONTENT_TYPE_SONIFICATION flags=0x800 t
ags= bundle=null, mBlockableSystem=true, mAllowBubbles=-1, mImportanceLockedByOEM=false, mImportanceLockedDefaultApp=fa
lse, mOriginalImp=5, mParent=null, mConversationId=null, mDemoted=false, mImportantConvo=false}
          NotificationChannel{mId='DSK', mName=存储空间, mDescription=, mImportance=2, mBypassDnd=false, mLockscreenVisibil
ity=-1000, mSound=content://settings/system/notification_sound, mLights=false, mLightColor=0, mVibration=null, mUserLoc
kedFields=0, mFgServiceShown=false, mVibrationEnabled=false, mShowBadge=true, mDeleted=false, mDeletedTimeMs=-1, mGroup
='null', mAudioAttributes=AudioAttributes: usage=USAGE_NOTIFICATION content=CONTENT_TYPE_SONIFICATION flags=0x800 tags=
 bundle=null, mBlockableSystem=false, mAllowBubbles=-1, mImportanceLockedByOEM=false, mImportanceLockedDefaultApp=false
, mOriginalImp=2, mParent=null, mConversationId=null, mDemoted=false, mImportantConvo=false}
          NotificationChannel{mId='FLA', mName=手电筒, mDescription=, mImportance=3, mBypassDnd=false, mLockscreenVisibili
ty=-1000, mSound=null, mLights=false, mLightColor=0, mVibration=null, mUserLockedFields=0, mFgServiceShown=false, mVibr
ationEnabled=false, mShowBadge=true, mDeleted=false, mDeletedTimeMs=-1, mGroup='null', mAudioAttributes=AudioAttributes
: usage=USAGE_NOTIFICATION content=CONTENT_TYPE_SONIFICATION flags=0x800 tags= bundle=null, mBlockableSystem=false, mAl
lowBubbles=-1, mImportanceLockedByOEM=false, mImportanceLockedDefaultApp=false, mOriginalImp=3, mParent=null, mConversa
tionId=null, mDemoted=false, mImportantConvo=false}
          NotificationChannel{mId='GEN', mName=常规消息, mDescription=, mImportance=1, mBypassDnd=false, mLockscreenVisibil
ity=-1000, mSound=content://settings/system/notification_sound, mLights=false, mLightColor=0, mVibration=null, mUserLoc
kedFields=0, mFgServiceShown=false, mVibrationEnabled=false, mShowBadge=true, mDeleted=false, mDeletedTimeMs=-1, mGroup
='null', mAudioAttributes=AudioAttributes: usage=USAGE_NOTIFICATION content=CONTENT_TYPE_SONIFICATION flags=0x800 tags=
 bundle=null, mBlockableSystem=false, mAllowBubbles=-1, mImportanceLockedByOEM=false, mImportanceLockedDefaultApp=false
, mOriginalImp=1, mParent=null, mConversationId=null, mDemoted=false, mImportantConvo=false}
          NotificationChannel{mId='HNT', mName=提示, mDescription=, mImportance=3, mBypassDnd=false, mLockscreenVisibilit
y=-1000, mSound=content://settings/system/notification_sound, mLights=false, mLightColor=0, mVibration=null, mUserLocke
dFields=0, mFgServiceShown=false, mVibrationEnabled=false, mShowBadge=true, mDeleted=false, mDeletedTimeMs=-1, mGroup='
null', mAudioAttributes=AudioAttributes: usage=USAGE_NOTIFICATION content=CONTENT_TYPE_SONIFICATION flags=0x800 tags= b
undle=null, mBlockableSystem=false, mAllowBubbles=-1, mImportanceLockedByOEM=false, mImportanceLockedDefaultApp=false, 
mOriginalImp=3, mParent=null, mConversationId=null, mDemoted=false, mImportantConvo=false}
          NotificationChannel{mId='SCN_HEADSUP', mName=屏幕截图, mDescription=, mImportance=4, mBypassDnd=false, mLockscree
nVisibility=-1000, mSound=null, mLights=false, mLightColor=0, mVibration=null, mUserLockedFields=0, mFgServiceShown=fal
se, mVibrationEnabled=false, mShowBadge=true, mDeleted=false, mDeletedTimeMs=-1, mGroup='null', mAudioAttributes=AudioA
ttributes: usage=USAGE_NOTIFICATION content=CONTENT_TYPE_UNKNOWN flags=0x800 tags= bundle=null, mBlockableSystem=true, 
mAllowBubbles=-1, mImportanceLockedByOEM=false, mImportanceLockedDefaultApp=false, mOriginalImp=4, mParent=null, mConve
rsationId=null, mDemoted=false, mImportantConvo=false}
        AppSettings: com.android.nfc (1027)
          NotificationChannel{mId='HwTagDispatchService', mName=HwTagDispatchService, mDescription=, mImportance=4, mBy
passDnd=false, mLockscreenVisibility=-1000, mSound=content://settings/system/notification_sound, mLights=false, mLightC
olor=0, mVibration=null, mUserLockedFields=0, mFgServiceShown=false, mVibrationEnabled=false, mShowBadge=true, mDeleted
=false, mDeletedTimeMs=-1, mGroup='null', mAudioAttributes=AudioAttributes: usage=USAGE_NOTIFICATION content=CONTENT_TY
PE_SONIFICATION flags=0x800 tags= bundle=null, mBlockableSystem=false, mAllowBubbles=-1, mImportanceLockedByOEM=false, 
mImportanceLockedDefaultApp=false, mOriginalImp=4, mParent=null, mConversationId=null, mDemoted=false, mImportantConvo=
false}
        AppSettings: com.hqjy.zikao.student (10208)
        AppSettings: com.google.android.youtube (10282)
          NotificationChannel{mId='generic_notifications', mName=一般通知, mDescription=, mImportance=2, mBypassDnd=false, 
mLockscreenVisibility=-1000, mSound=null, mLights=false, mLightColor=0, mVibration=null, mUserLockedFields=20, mFgServi
ceShown=false, mVibrationEnabled=false, mShowBadge=false, mDeleted=false, mDeletedTimeMs=-1, mGroup='null', mAudioAttri
butes=AudioAttributes: usage=USAGE_NOTIFICATION content=CONTENT_TYPE_SONIFICATION flags=0x800 tags= bundle=null, mBlock
ableSystem=false, mAllowBubbles=-1, mImportanceLockedByOEM=false, mImportanceLockedDefaultApp=false, mOriginalImp=2, mP
arent=null, mConversationId=null, mDemoted=false, mImportantConvo=false}
          NotificationChannel{mId='1', mName=订阅, mDescription=, mImportance=4, mBypassDnd=false, mLockscreenVisibility=
-1000, mSound=null, mLights=false, mLightColor=0, mVibration=null, mUserLockedFields=0, mFgServiceShown=false, mVibrati
onEnabled=false, mShowBadge=true, mDeleted=false, mDeletedTimeMs=-1, mGroup='null', mAudioAttributes=AudioAttributes: u
sage=USAGE_NOTIFICATION content=CONTENT_TYPE_SONIFICATION flags=0x800 tags= bundle=null, mBlockableSystem=false, mAllow
Bubbles=-1, mImportanceLockedByOEM=false, mImportanceLockedDefaultApp=false, mOriginalImp=4, mParent=null, mConversatio
nId=null, mDemoted=false, mImportantConvo=false}
          NotificationChannel{mId='2', mName=直播, mDescription=, mImportance=4, mBypassDnd=false, mLockscreenVisibility=
-1000, mSound=content://settings/system/notification_sound, mLights=false, mLightColor=0, mVibration=null, mUserLockedF
ields=0, mFgServiceShown=false, mVibrationEnabled=false, mShowBadge=true, mDeleted=false, mDeletedTimeMs=-1, mGroup='nu
ll', mAudioAttributes=AudioAttributes: usage=USAGE_NOTIFICATION content=CONTENT_TYPE_SONIFICATION flags=0x800 tags= bun
dle=null, mBlockableSystem=false, mAllowBubbles=-1, mImportanceLockedByOEM=false, mImportanceLockedDefaultApp=false, mO
riginalImp=4, mParent=null, mConversationId=null, mDemoted=false, mImportantConvo=false}
          NotificationChannel{mId='3', mName=评论和回复, mDescription=, mImportance=3, mBypassDnd=false, mLockscreenVisibili
ty=-1000, mSound=null, mLights=false, mLightColor=0, mVibration=null, mUserLockedFields=0, mFgServiceShown=false, mVibr
ationEnabled=false, mShowBadge=true, mDeleted=false, mDeletedTimeMs=-1, mGroup='null', mAudioAttributes=AudioAttributes
: usage=USAGE_NOTIFICATION content=CONTENT_TYPE_SONIFICATION flags=0x800 tags= bundle=null, mBlockableSystem=false, mAl
lowBubbles=-1, mImportanceLockedByOEM=false, mImportanceLockedDefaultApp=false, mOriginalImp=3, mParent=null, mConversa
tionId=null, mDemoted=false, mImportantConvo=false}
          NotificationChannel{mId='5', mName=推荐内容, mDescription=, mImportance=2, mBypassDnd=false, mLockscreenVisibilit
y=-1000, mSound=null, mLights=false, mLightColor=0, mVibration=null, mUserLockedFields=0, mFgServiceShown=false, mVibra
tionEnabled=false, mShowBadge=true, mDeleted=false, mDeletedTimeMs=-1, mGroup='null', mAudioAttributes=AudioAttributes:
 usage=USAGE_NOTIFICATION content=CONTENT_TYPE_SONIFICATION flags=0x800 tags= bundle=null, mBlockableSystem=false, mAll
owBubbles=-1, mImportanceLockedByOEM=false, mImportanceLockedDefaultApp=false, mOriginalImp=2, mParent=null, mConversat
ionId=null, mDemoted=false, mImportantConvo=false}
          NotificationChannel{mId='6', mName=产品最新动态, mDescription=, mImportance=2, mBypassDnd=false, mLockscreenVisibil
ity=-1000, mSound=null, mLights=false, mLightColor=0, mVibration=null, mUserLockedFields=0, mFgServiceShown=false, mVib
rationEnabled=false, mShowBadge=true, mDeleted=false, mDeletedTimeMs=-1, mGroup='null', mAudioAttributes=AudioAttribute
s: usage=USAGE_NOTIFICATION content=CONTENT_TYPE_SONIFICATION flags=0x800 tags= bundle=null, mBlockableSystem=false, mA
llowBubbles=-1, mImportanceLockedByOEM=false, mImportanceLockedDefaultApp=false, mOriginalImp=2, mParent=null, mConvers
ationId=null, mDemoted=false, mImportantConvo=false}
          NotificationChannel{mId='7', mName=锁定屏幕媒体控件, mDescription=, mImportance=2, mBypassDnd=false, mLockscreenVisib
ility=-1000, mSound=null, mLights=false, mLightColor=0, mVibration=null, mUserLockedFields=0, mFgServiceShown=false, mV
ibrationEnabled=false, mShowBadge=false, mDeleted=false, mDeletedTimeMs=-1, mGroup='null', mAudioAttributes=AudioAttrib
utes: usage=USAGE_NOTIFICATION content=CONTENT_TYPE_SONIFICATION flags=0x800 tags= bundle=null, mBlockableSystem=false,
 mAllowBubbles=-1, mImportanceLockedByOEM=false, mImportanceLockedDefaultApp=false, mOriginalImp=2, mParent=null, mConv
ersationId=null, mDemoted=false, mImportantConvo=false}
          NotificationChannel{mId='10', mName=在移动设备上搜索电视节目, mDescription=, mImportance=4, mBypassDnd=false, mLockscreen
Visibility=-1000, mSound=content://settings/system/notification_sound, mLights=false, mLightColor=0, mVibration=null, m
UserLockedFields=0, mFgServiceShown=false, mVibrationEnabled=false, mShowBadge=true, mDeleted=false, mDeletedTimeMs=-1,
 mGroup='null', mAudioAttributes=AudioAttributes: usage=USAGE_NOTIFICATION content=CONTENT_TYPE_SONIFICATION flags=0x80
0 tags= bundle=null, mBlockableSystem=false, mAllowBubbles=-1, mImportanceLockedByOEM=false, mImportanceLockedDefaultAp
p=false, mOriginalImp=4, mParent=null, mConversationId=null, mDemoted=false, mImportantConvo=false}
>       key='com.autonavi.minimap',
        numEnqueuedByApp=5,
        numPostedByApp=4,
        numUpdatedByApp=1,
        numRemovedByApp=3,
        numPeopleCacheHit=10,
        numWithStaredPeople=0,
        numWithValidPeople=0,
        numPeopleCacheMiss=0,
        numBlocked=0,
        numSuspendedByAdmin=0,
        numWithActions=0,
        numPrivate=5,
        numSecret=0,
        numInterrupt=0,
        numWithBigText=0,
        numWithBigPicture=0
        numForegroundService=5
        numOngoing=5
        numAutoCancel=0
        numWithLargeIcon=5
        numWithInbox=0
        numWithMediaSession=0
        numWithTitle=5
        numWithText=5
        numWithSubText=0
        numWithInfoText=0
        numRateViolations=0
        numAlertViolations=0
        numQuotaViolations=0
        numImagesRemoved=0



===== SAMPLE 16:58:49 =====

>     NotificationRecord(0x032554f6: pkg=com.autonavi.minimap user=UserHandle{0} id=99910001 tag=null importance=2 key=
0|com.autonavi.minimap|99910001|null|10221: Notification(channel=ROUTE_CHANNEL_ID shortcut=null contentView=null vibrat
e=null sound=null tick defaults=0x0 flags=0x62 color=0x00000000 category=navigation groupKey=ranker_group99910001 capsu
leEnableStatus=-1 vis=PRIVATE))
        uid=10221 userId=0
>       opPkg=com.autonavi.minimap
>       icon=Icon(typ=RESOURCE pkg=com.autonavi.minimap id=0x7f08096d)
        flags=0x62
        pri=0
>       key=0|com.autonavi.minimap|99910001|null|10221
        seen=false
>       groupKey=0|com.autonavi.minimap|99910001|null|10221
        notification=
              fullscreenIntent=null
>             contentIntent=PendingIntent{30c50f7: PendingIntentRecord{955f469 com.autonavi.minimap startActivity (allo
wlist: bff4549:+30s0ms/0/NOTIFICATION_SERVICE/NotificationManagerService)}}
              deleteIntent=null
              number=0
              groupAlertBehavior=0
              when=1789721304320
              tickerText=高德地图
              contentView=null
              bigContentView=null
              headsUpContentView=null
              color=0x00000000
              timeout=unknown
              extras={
                  android.title=String (高德地图)
                  android.reduced.images=Boolean (true)
                  android.subText=null
                  android.showChronometer=Boolean (false)
                  android.text=String (正在导航)
                  android.progress=Integer (0)
                  android.progressMax=Integer (0)
                  specialType=String (floating_window_notification)
>                 android.appInfo=ApplicationInfo (ApplicationInfo{2f3eb64 com.autonavi.minimap})
                  android.showWhen=Boolean (true)
                  notification_should_ringtone=Boolean (false)
                  externalChannelType=Integer (3)
                  android.largeIcon=Icon (Icon(typ=BITMAP size=102x102))
                  PopupBackgroundWindowPrevilege=Boolean (false)
                  android.infoText=null
                  topFullscreen=Boolean (false)
                  isRequestSingleLine=Boolean (false)
                  android.progressIndeterminate=Boolean (false)
                  android.remoteInputHistory=null
                  gameDndOn=Boolean (false)
>                 com.autonavi.minimap.navigating=Boolean (true)
              }
        publicNotification=
              None
        stats=SingleNotificationStats{posttimeElapsedMs=2384251038, posttimeToFirstClickMs=-1, posttimeToDismissMs=-1, 
airtimeCount=0, airtimeMs=0, currentAirtimeStartElapsedMs=-1, airtimeExpandedMs=0, posttimeToFirstVisibleExpansionMs=-1
, currentAirtimeExpandedStartElapsedMs=-1, requestedImportance=3, naturalImportance=2, isNoisy=false}
        mContactAffinity=0.0
        mRecentlyIntrusive=false
        mPackagePriority=0
        mPackageVisibility=-1000
        mSystemImportance=UNSPECIFIED
        mAsstImportance=UNSPECIFIED
        mImportance=LOW
        mImportanceExplanation=app
        mIsAppImportanceLocked=false
        mIntercept=false
        mHidden==false
        mGlobalSortKey=crtcl=0x0002:intrsv=1:grnk=0x0006:gsmry=1:nsk:rnk=0x0006
        mRankingTimeMs=1789721304320
        mCreationTimeMs=1789721303462
        mVisibleSinceMs=0
        mUpdateTimeMs=1789721304329
        mInterruptionTimeMs=1789721304329
        mSuppressedVisualEffects= 0
        mSound= null
        mVibration= null
        mAttributes= AudioAttributes: usage=USAGE_NOTIFICATION content=CONTENT_TYPE_SONIFICATION flags=0x800 tags= bund
le=null
        mLight= null
        mShowBadge=true
        mColorized=false
        mAllowBubble=false
        isBubble=false
>       AppSettings: com.autonavi.minimap (10221)
          NotificationChannel{mId='com.huawei.android.pushagent16320', mName=普通通知, mDescription=, mImportance=3, mBypas
sDnd=false, mLockscreenVisibility=-1000, mSound=content://settings/system/notification_sound, mLights=true, mLightColor
=0, mVibration=null, mUserLockedFields=0, mFgServiceShown=false, mVibrationEnabled=true, mShowBadge=true, mDeleted=fals
e, mDeletedTimeMs=-1, mGroup='null', mAudioAttributes=AudioAttributes: usage=USAGE_NOTIFICATION content=CONTENT_TYPE_SO
NIFICATION flags=0x800 tags= bundle=null, mBlockableSystem=false, mAllowBubbles=-1, mImportanceLockedByOEM=false, mImpo
rtanceLockedDefaultApp=false, mOriginalImp=3, mParent=null, mConversationId=null, mDemoted=false, mImportantConvo=false
}
          NotificationChannel{mId='COMMON_CHANNEL_ID', mName=其他通知, mDescription=hasDescription , mImportance=2, mBypass
Dnd=false, mLockscreenVisibility=-1000, mSound=null, mLights=false, mLightColor=0, mVibration=null, mUserLockedFields=2
0, mFgServiceShown=true, mVibrationEnabled=false, mShowBadge=true, mDeleted=false, mDeletedTimeMs=-1, mGroup='COMMON', 
mAudioAttributes=AudioAttributes: usage=USAGE_NOTIFICATION content=CONTENT_TYPE_SONIFICATION flags=0x800 tags= bundle=n
ull, mBlockableSystem=false, mAllowBubbles=-1, mImportanceLockedByOEM=false, mImportanceLockedDefaultApp=false, mOrigin
alImp=2, mParent=null, mConversationId=null, mDemoted=false, mImportantConvo=false}
          NotificationChannel{mId='com.huawei.android.pushagent.low62953', mName=营销通知, mDescription=, mImportance=1, mB
ypassDnd=false, mLockscreenVisibility=-1, mSound=null, mLights=false, mLightColor=0, mVibration=null, mUserLockedFields
=22, mFgServiceShown=false, mVibrationEnabled=false, mShowBadge=true, mDeleted=false, mDeletedTimeMs=-1, mGroup='null',
 mAudioAttributes=AudioAttributes: usage=USAGE_NOTIFICATION content=CONTENT_TYPE_SONIFICATION flags=0x800 tags= bundle=
null, mBlockableSystem=false, mAllowBubbles=-1, mImportanceLockedByOEM=false, mImportanceLockedDefaultApp=false, mOrigi
nalImp=1, mParent=null, mConversationId=null, mDemoted=false, mImportantConvo=false}
          NotificationChannel{mId='ORDER_CHANNEL_ID', mName=订单通知, mDescription=hasDescription , mImportance=2, mBypassD
nd=false, mLockscreenVisibility=-1000, mSound=null, mLights=false, mLightColor=0, mVibration=null, mUserLockedFields=20
, mFgServiceShown=true, mVibrationEnabled=false, mShowBadge=true, mDeleted=false, mDeletedTimeMs=-1, mGroup='ORDER', mA
udioAttributes=AudioAttributes: usage=USAGE_NOTIFICATION content=CONTENT_TYPE_SONIFICATION flags=0x800 tags= bundle=nul
l, mBlockableSystem=false, mAllowBubbles=-1, mImportanceLockedByOEM=false, mImportanceLockedDefaultApp=false, mOriginal
Imp=2, mParent=null, mConversationId=null, mDemoted=false, mImportantConvo=false}
          NotificationChannel{mId='ROUTE_CHANNEL_ID', mName=导航通知, mDescription=hasDescription , mImportance=2, mBypassD
nd=false, mLockscreenVisibility=-1000, mSound=null, mLights=false, mLightColor=0, mVibration=null, mUserLockedFields=20
, mFgServiceShown=true, mVibrationEnabled=false, mShowBadge=true, mDeleted=false, mDeletedTimeMs=-1, mGroup='ROUTE', mA
udioAttributes=AudioAttributes: usage=USAGE_NOTIFICATION content=CONTENT_TYPE_SONIFICATION flags=0x800 tags= bundle=nul
l, mBlockableSystem=false, mAllowBubbles=-1, mImportanceLockedByOEM=false, mImportanceLockedDefaultApp=false, mOriginal
Imp=2, mParent=null, mConversationId=null, mDemoted=false, mImportantConvo=false}
          NotificationChannel{mId='ScreenRecorderService.Channel', mName=录屏服务, mDescription=, mImportance=4, mBypassDnd
=false, mLockscreenVisibility=-1000, mSound=content://settings/system/notification_sound, mLights=false, mLightColor=0,
 mVibration=null, mUserLockedFields=0, mFgServiceShown=true, mVibrationEnabled=false, mShowBadge=true, mDeleted=false, 
mDeletedTimeMs=-1, mGroup='null', mAudioAttributes=AudioAttributes: usage=USAGE_NOTIFICATION content=CONTENT_TYPE_SONIF
ICATION flags=0x800 tags= bundle=null, mBlockableSystem=false, mAllowBubbles=-1, mImportanceLockedByOEM=false, mImporta
nceLockedDefaultApp=false, mOriginalImp=4, mParent=null, mConversationId=null, mDemoted=false, mImportantConvo=false}
          NotificationChannelGroup{mId='ROUTE', mName=导航通知, mDescription=, mBlocked=false, mChannels=[], mUserLockedFie
lds=0}
          NotificationChannelGroup{mId='ORDER', mName=订单通知, mDescription=, mBlocked=false, mChannels=[], mUserLockedFie
lds=0}
          NotificationChannelGroup{mId='COMMON', mName=常规通知, mDescription=, mBlocked=false, mChannels=[], mUserLockedFi
elds=0}
        AppSettings: com.android.systemui (10084)
          NotificationChannel{mId='trafficnotification', mName=流量显示, mDescription=, mImportance=1, mBypassDnd=false, mL
ockscreenVisibility=-1000, mSound=content://settings/system/notification_sound, mLights=false, mLightColor=0, mVibratio
n=null, mUserLockedFields=0, mFgServiceShown=false, mVibrationEnabled=false, mShowBadge=true, mDeleted=false, mDeletedT
imeMs=-1, mGroup='null', mAudioAttributes=AudioAttributes: usage=USAGE_NOTIFICATION content=CONTENT_TYPE_SONIFICATION f
lags=0x800 tags= bundle=null, mBlockableSystem=false, mAllowBubbles=-1, mImportanceLockedByOEM=false, mImportanceLocked
DefaultApp=false, mOriginalImp=1, mParent=null, mConversationId=null, mDemoted=false, mImportantConvo=false}
          NotificationChannel{mId='ALR', mName=提醒, mDescription=, mImportance=4, mBypassDnd=false, mLockscreenVisibilit
y=-1000, mSound=content://settings/system/notification_sound, mLights=false, mLightColor=0, mVibration=null, mUserLocke
dFields=0, mFgServiceShown=false, mVibrationEnabled=false, mShowBadge=true, mDeleted=false, mDeletedTimeMs=-1, mGroup='
null', mAudioAttributes=AudioAttributes: usage=USAGE_NOTIFICATION content=CONTENT_TYPE_SONIFICATION flags=0x800 tags= b
undle=null, mBlockableSystem=false, mAllowBubbles=-1, mImportanceLockedByOEM=false, mImportanceLockedDefaultApp=false, 
mOriginalImp=4, mParent=null, mConversationId=null, mDemoted=false, mImportantConvo=false}
          NotificationChannel{mId='BAT', mName=电池, mDescription=, mImportance=5, mBypassDnd=false, mLockscreenVisibilit
y=-1000, mSound=file:///system/media/audio/ui/LowBattery.ogg, mLights=false, mLightColor=0, mVibration=null, mUserLocke
dFields=0, mFgServiceShown=false, mVibrationEnabled=false, mShowBadge=true, mDeleted=false, mDeletedTimeMs=-1, mGroup='
null', mAudioAttributes=AudioAttributes: usage=USAGE_NOTIFICATION_EVENT content=CONTENT_TYPE_SONIFICATION flags=0x800 t
ags= bundle=null, mBlockableSystem=true, mAllowBubbles=-1, mImportanceLockedByOEM=false, mImportanceLockedDefaultApp=fa
lse, mOriginalImp=5, mParent=null, mConversationId=null, mDemoted=false, mImportantConvo=false}
          NotificationChannel{mId='DSK', mName=存储空间, mDescription=, mImportance=2, mBypassDnd=false, mLockscreenVisibil
ity=-1000, mSound=content://settings/system/notification_sound, mLights=false, mLightColor=0, mVibration=null, mUserLoc
kedFields=0, mFgServiceShown=false, mVibrationEnabled=false, mShowBadge=true, mDeleted=false, mDeletedTimeMs=-1, mGroup
='null', mAudioAttributes=AudioAttributes: usage=USAGE_NOTIFICATION content=CONTENT_TYPE_SONIFICATION flags=0x800 tags=
 bundle=null, mBlockableSystem=false, mAllowBubbles=-1, mImportanceLockedByOEM=false, mImportanceLockedDefaultApp=false
, mOriginalImp=2, mParent=null, mConversationId=null, mDemoted=false, mImportantConvo=false}
          NotificationChannel{mId='FLA', mName=手电筒, mDescription=, mImportance=3, mBypassDnd=false, mLockscreenVisibili
ty=-1000, mSound=null, mLights=false, mLightColor=0, mVibration=null, mUserLockedFields=0, mFgServiceShown=false, mVibr
ationEnabled=false, mShowBadge=true, mDeleted=false, mDeletedTimeMs=-1, mGroup='null', mAudioAttributes=AudioAttributes
: usage=USAGE_NOTIFICATION content=CONTENT_TYPE_SONIFICATION flags=0x800 tags= bundle=null, mBlockableSystem=false, mAl
lowBubbles=-1, mImportanceLockedByOEM=false, mImportanceLockedDefaultApp=false, mOriginalImp=3, mParent=null, mConversa
tionId=null, mDemoted=false, mImportantConvo=false}
          NotificationChannel{mId='GEN', mName=常规消息, mDescription=, mImportance=1, mBypassDnd=false, mLockscreenVisibil
ity=-1000, mSound=content://settings/system/notification_sound, mLights=false, mLightColor=0, mVibration=null, mUserLoc
kedFields=0, mFgServiceShown=false, mVibrationEnabled=false, mShowBadge=true, mDeleted=false, mDeletedTimeMs=-1, mGroup
='null', mAudioAttributes=AudioAttributes: usage=USAGE_NOTIFICATION content=CONTENT_TYPE_SONIFICATION flags=0x800 tags=
 bundle=null, mBlockableSystem=false, mAllowBubbles=-1, mImportanceLockedByOEM=false, mImportanceLockedDefaultApp=false
, mOriginalImp=1, mParent=null, mConversationId=null, mDemoted=false, mImportantConvo=false}
          NotificationChannel{mId='HNT', mName=提示, mDescription=, mImportance=3, mBypassDnd=false, mLockscreenVisibilit
y=-1000, mSound=content://settings/system/notification_sound, mLights=false, mLightColor=0, mVibration=null, mUserLocke
dFields=0, mFgServiceShown=false, mVibrationEnabled=false, mShowBadge=true, mDeleted=false, mDeletedTimeMs=-1, mGroup='
null', mAudioAttributes=AudioAttributes: usage=USAGE_NOTIFICATION content=CONTENT_TYPE_SONIFICATION flags=0x800 tags= b
undle=null, mBlockableSystem=false, mAllowBubbles=-1, mImportanceLockedByOEM=false, mImportanceLockedDefaultApp=false, 
mOriginalImp=3, mParent=null, mConversationId=null, mDemoted=false, mImportantConvo=false}
          NotificationChannel{mId='SCN_HEADSUP', mName=屏幕截图, mDescription=, mImportance=4, mBypassDnd=false, mLockscree
nVisibility=-1000, mSound=null, mLights=false, mLightColor=0, mVibration=null, mUserLockedFields=0, mFgServiceShown=fal
se, mVibrationEnabled=false, mShowBadge=true, mDeleted=false, mDeletedTimeMs=-1, mGroup='null', mAudioAttributes=AudioA
ttributes: usage=USAGE_NOTIFICATION content=CONTENT_TYPE_UNKNOWN flags=0x800 tags= bundle=null, mBlockableSystem=true, 
mAllowBubbles=-1, mImportanceLockedByOEM=false, mImportanceLockedDefaultApp=false, mOriginalImp=4, mParent=null, mConve
rsationId=null, mDemoted=false, mImportantConvo=false}
        AppSettings: com.android.nfc (1027)
          NotificationChannel{mId='HwTagDispatchService', mName=HwTagDispatchService, mDescription=, mImportance=4, mBy
passDnd=false, mLockscreenVisibility=-1000, mSound=content://settings/system/notification_sound, mLights=false, mLightC
olor=0, mVibration=null, mUserLockedFields=0, mFgServiceShown=false, mVibrationEnabled=false, mShowBadge=true, mDeleted
=false, mDeletedTimeMs=-1, mGroup='null', mAudioAttributes=AudioAttributes: usage=USAGE_NOTIFICATION content=CONTENT_TY
PE_SONIFICATION flags=0x800 tags= bundle=null, mBlockableSystem=false, mAllowBubbles=-1, mImportanceLockedByOEM=false, 
mImportanceLockedDefaultApp=false, mOriginalImp=4, mParent=null, mConversationId=null, mDemoted=false, mImportantConvo=
false}
        AppSettings: com.hqjy.zikao.student (10208)
        AppSettings: com.google.android.youtube (10282)
          NotificationChannel{mId='generic_notifications', mName=一般通知, mDescription=, mImportance=2, mBypassDnd=false, 
mLockscreenVisibility=-1000, mSound=null, mLights=false, mLightColor=0, mVibration=null, mUserLockedFields=20, mFgServi
ceShown=false, mVibrationEnabled=false, mShowBadge=false, mDeleted=false, mDeletedTimeMs=-1, mGroup='null', mAudioAttri
butes=AudioAttributes: usage=USAGE_NOTIFICATION content=CONTENT_TYPE_SONIFICATION flags=0x800 tags= bundle=null, mBlock
ableSystem=false, mAllowBubbles=-1, mImportanceLockedByOEM=false, mImportanceLockedDefaultApp=false, mOriginalImp=2, mP
arent=null, mConversationId=null, mDemoted=false, mImportantConvo=false}
          NotificationChannel{mId='1', mName=订阅, mDescription=, mImportance=4, mBypassDnd=false, mLockscreenVisibility=
-1000, mSound=null, mLights=false, mLightColor=0, mVibration=null, mUserLockedFields=0, mFgServiceShown=false, mVibrati
onEnabled=false, mShowBadge=true, mDeleted=false, mDeletedTimeMs=-1, mGroup='null', mAudioAttributes=AudioAttributes: u
sage=USAGE_NOTIFICATION content=CONTENT_TYPE_SONIFICATION flags=0x800 tags= bundle=null, mBlockableSystem=false, mAllow
Bubbles=-1, mImportanceLockedByOEM=false, mImportanceLockedDefaultApp=false, mOriginalImp=4, mParent=null, mConversatio
nId=null, mDemoted=false, mImportantConvo=false}
          NotificationChannel{mId='2', mName=直播, mDescription=, mImportance=4, mBypassDnd=false, mLockscreenVisibility=
-1000, mSound=content://settings/system/notification_sound, mLights=false, mLightColor=0, mVibration=null, mUserLockedF
ields=0, mFgServiceShown=false, mVibrationEnabled=false, mShowBadge=true, mDeleted=false, mDeletedTimeMs=-1, mGroup='nu
ll', mAudioAttributes=AudioAttributes: usage=USAGE_NOTIFICATION content=CONTENT_TYPE_SONIFICATION flags=0x800 tags= bun
dle=null, mBlockableSystem=false, mAllowBubbles=-1, mImportanceLockedByOEM=false, mImportanceLockedDefaultApp=false, mO
riginalImp=4, mParent=null, mConversationId=null, mDemoted=false, mImportantConvo=false}
          NotificationChannel{mId='3', mName=评论和回复, mDescription=, mImportance=3, mBypassDnd=false, mLockscreenVisibili
ty=-1000, mSound=null, mLights=false, mLightColor=0, mVibration=null, mUserLockedFields=0, mFgServiceShown=false, mVibr
ationEnabled=false, mShowBadge=true, mDeleted=false, mDeletedTimeMs=-1, mGroup='null', mAudioAttributes=AudioAttributes
: usage=USAGE_NOTIFICATION content=CONTENT_TYPE_SONIFICATION flags=0x800 tags= bundle=null, mBlockableSystem=false, mAl
lowBubbles=-1, mImportanceLockedByOEM=false, mImportanceLockedDefaultApp=false, mOriginalImp=3, mParent=null, mConversa
tionId=null, mDemoted=false, mImportantConvo=false}
          NotificationChannel{mId='5', mName=推荐内容, mDescription=, mImportance=2, mBypassDnd=false, mLockscreenVisibilit
y=-1000, mSound=null, mLights=false, mLightColor=0, mVibration=null, mUserLockedFields=0, mFgServiceShown=false, mVibra
tionEnabled=false, mShowBadge=true, mDeleted=false, mDeletedTimeMs=-1, mGroup='null', mAudioAttributes=AudioAttributes:
 usage=USAGE_NOTIFICATION content=CONTENT_TYPE_SONIFICATION flags=0x800 tags= bundle=null, mBlockableSystem=false, mAll
owBubbles=-1, mImportanceLockedByOEM=false, mImportanceLockedDefaultApp=false, mOriginalImp=2, mParent=null, mConversat
ionId=null, mDemoted=false, mImportantConvo=false}
          NotificationChannel{mId='6', mName=产品最新动态, mDescription=, mImportance=2, mBypassDnd=false, mLockscreenVisibil
ity=-1000, mSound=null, mLights=false, mLightColor=0, mVibration=null, mUserLockedFields=0, mFgServiceShown=false, mVib
rationEnabled=false, mShowBadge=true, mDeleted=false, mDeletedTimeMs=-1, mGroup='null', mAudioAttributes=AudioAttribute
s: usage=USAGE_NOTIFICATION content=CONTENT_TYPE_SONIFICATION flags=0x800 tags= bundle=null, mBlockableSystem=false, mA
llowBubbles=-1, mImportanceLockedByOEM=false, mImportanceLockedDefaultApp=false, mOriginalImp=2, mParent=null, mConvers
ationId=null, mDemoted=false, mImportantConvo=false}
          NotificationChannel{mId='7', mName=锁定屏幕媒体控件, mDescription=, mImportance=2, mBypassDnd=false, mLockscreenVisib
ility=-1000, mSound=null, mLights=false, mLightColor=0, mVibration=null, mUserLockedFields=0, mFgServiceShown=false, mV
ibrationEnabled=false, mShowBadge=false, mDeleted=false, mDeletedTimeMs=-1, mGroup='null', mAudioAttributes=AudioAttrib
utes: usage=USAGE_NOTIFICATION content=CONTENT_TYPE_SONIFICATION flags=0x800 tags= bundle=null, mBlockableSystem=false,
 mAllowBubbles=-1, mImportanceLockedByOEM=false, mImportanceLockedDefaultApp=false, mOriginalImp=2, mParent=null, mConv
ersationId=null, mDemoted=false, mImportantConvo=false}
          NotificationChannel{mId='10', mName=在移动设备上搜索电视节目, mDescription=, mImportance=4, mBypassDnd=false, mLockscreen
Visibility=-1000, mSound=content://settings/system/notification_sound, mLights=false, mLightColor=0, mVibration=null, m
UserLockedFields=0, mFgServiceShown=false, mVibrationEnabled=false, mShowBadge=true, mDeleted=false, mDeletedTimeMs=-1,
 mGroup='null', mAudioAttributes=AudioAttributes: usage=USAGE_NOTIFICATION content=CONTENT_TYPE_SONIFICATION flags=0x80
0 tags= bundle=null, mBlockableSystem=false, mAllowBubbles=-1, mImportanceLockedByOEM=false, mImportanceLockedDefaultAp
p=false, mOriginalImp=4, mParent=null, mConversationId=null, mDemoted=false, mImportantConvo=false}
>       key='com.autonavi.minimap',
        numEnqueuedByApp=5,
        numPostedByApp=4,
        numUpdatedByApp=1,
        numRemovedByApp=3,
        numPeopleCacheHit=10,
        numWithStaredPeople=0,
        numWithValidPeople=0,
        numPeopleCacheMiss=0,
        numBlocked=0,
        numSuspendedByAdmin=0,
        numWithActions=0,
        numPrivate=5,
        numSecret=0,
        numInterrupt=0,
        numWithBigText=0,
        numWithBigPicture=0
        numForegroundService=5
        numOngoing=5
        numAutoCancel=0
        numWithLargeIcon=5
        numWithInbox=0
        numWithMediaSession=0
        numWithTitle=5
        numWithText=5
        numWithSubText=0
        numWithInfoText=0
        numRateViolations=0
        numAlertViolations=0
        numQuotaViolations=0
        numImagesRemoved=0



===== SAMPLE 16:58:53 =====

>     NotificationRecord(0x032554f6: pkg=com.autonavi.minimap user=UserHandle{0} id=99910001 tag=null importance=2 key=
0|com.autonavi.minimap|99910001|null|10221: Notification(channel=ROUTE_CHANNEL_ID shortcut=null contentView=null vibrat
e=null sound=null tick defaults=0x0 flags=0x62 color=0x00000000 category=navigation groupKey=ranker_group99910001 capsu
leEnableStatus=-1 vis=PRIVATE))
        uid=10221 userId=0
>       opPkg=com.autonavi.minimap
>       icon=Icon(typ=RESOURCE pkg=com.autonavi.minimap id=0x7f08096d)
        flags=0x62
        pri=0
>       key=0|com.autonavi.minimap|99910001|null|10221
        seen=false
>       groupKey=0|com.autonavi.minimap|99910001|null|10221
        notification=
              fullscreenIntent=null
>             contentIntent=PendingIntent{30c50f7: PendingIntentRecord{955f469 com.autonavi.minimap startActivity (allo
wlist: bff4549:+30s0ms/0/NOTIFICATION_SERVICE/NotificationManagerService)}}
              deleteIntent=null
              number=0
              groupAlertBehavior=0
              when=1789721304320
              tickerText=高德地图
              contentView=null
              bigContentView=null
              headsUpContentView=null
              color=0x00000000
              timeout=unknown
              extras={
                  android.title=String (高德地图)
                  android.reduced.images=Boolean (true)
                  android.subText=null
                  android.showChronometer=Boolean (false)
                  android.text=String (正在导航)
                  android.progress=Integer (0)
                  android.progressMax=Integer (0)
                  specialType=String (floating_window_notification)
>                 android.appInfo=ApplicationInfo (ApplicationInfo{2f3eb64 com.autonavi.minimap})
                  android.showWhen=Boolean (true)
                  notification_should_ringtone=Boolean (false)
                  externalChannelType=Integer (3)
                  android.largeIcon=Icon (Icon(typ=BITMAP size=102x102))
                  PopupBackgroundWindowPrevilege=Boolean (false)
                  android.infoText=null
                  topFullscreen=Boolean (false)
                  isRequestSingleLine=Boolean (false)
                  android.progressIndeterminate=Boolean (false)
                  android.remoteInputHistory=null
                  gameDndOn=Boolean (false)
>                 com.autonavi.minimap.navigating=Boolean (true)
              }
        publicNotification=
              None
        stats=SingleNotificationStats{posttimeElapsedMs=2384251038, posttimeToFirstClickMs=-1, posttimeToDismissMs=-1, 
airtimeCount=0, airtimeMs=0, currentAirtimeStartElapsedMs=-1, airtimeExpandedMs=0, posttimeToFirstVisibleExpansionMs=-1
, currentAirtimeExpandedStartElapsedMs=-1, requestedImportance=3, naturalImportance=2, isNoisy=false}
        mContactAffinity=0.0
        mRecentlyIntrusive=false
        mPackagePriority=0
        mPackageVisibility=-1000
        mSystemImportance=UNSPECIFIED
        mAsstImportance=UNSPECIFIED
        mImportance=LOW
        mImportanceExplanation=app
        mIsAppImportanceLocked=false
        mIntercept=false
        mHidden==false
        mGlobalSortKey=crtcl=0x0002:intrsv=1:grnk=0x0006:gsmry=1:nsk:rnk=0x0006
        mRankingTimeMs=1789721304320
        mCreationTimeMs=1789721303462
        mVisibleSinceMs=0
        mUpdateTimeMs=1789721304329
        mInterruptionTimeMs=1789721304329
        mSuppressedVisualEffects= 0
        mSound= null
        mVibration= null
        mAttributes= AudioAttributes: usage=USAGE_NOTIFICATION content=CONTENT_TYPE_SONIFICATION flags=0x800 tags= bund
le=null
        mLight= null
        mShowBadge=true
        mColorized=false
        mAllowBubble=false
        isBubble=false
>       AppSettings: com.autonavi.minimap (10221)
          NotificationChannel{mId='com.huawei.android.pushagent16320', mName=普通通知, mDescription=, mImportance=3, mBypas
sDnd=false, mLockscreenVisibility=-1000, mSound=content://settings/system/notification_sound, mLights=true, mLightColor
=0, mVibration=null, mUserLockedFields=0, mFgServiceShown=false, mVibrationEnabled=true, mShowBadge=true, mDeleted=fals
e, mDeletedTimeMs=-1, mGroup='null', mAudioAttributes=AudioAttributes: usage=USAGE_NOTIFICATION content=CONTENT_TYPE_SO
NIFICATION flags=0x800 tags= bundle=null, mBlockableSystem=false, mAllowBubbles=-1, mImportanceLockedByOEM=false, mImpo
rtanceLockedDefaultApp=false, mOriginalImp=3, mParent=null, mConversationId=null, mDemoted=false, mImportantConvo=false
}
          NotificationChannel{mId='COMMON_CHANNEL_ID', mName=其他通知, mDescription=hasDescription , mImportance=2, mBypass
Dnd=false, mLockscreenVisibility=-1000, mSound=null, mLights=false, mLightColor=0, mVibration=null, mUserLockedFields=2
0, mFgServiceShown=true, mVibrationEnabled=false, mShowBadge=true, mDeleted=false, mDeletedTimeMs=-1, mGroup='COMMON', 
mAudioAttributes=AudioAttributes: usage=USAGE_NOTIFICATION content=CONTENT_TYPE_SONIFICATION flags=0x800 tags= bundle=n
ull, mBlockableSystem=false, mAllowBubbles=-1, mImportanceLockedByOEM=false, mImportanceLockedDefaultApp=false, mOrigin
alImp=2, mParent=null, mConversationId=null, mDemoted=false, mImportantConvo=false}
          NotificationChannel{mId='com.huawei.android.pushagent.low62953', mName=营销通知, mDescription=, mImportance=1, mB
ypassDnd=false, mLockscreenVisibility=-1, mSound=null, mLights=false, mLightColor=0, mVibration=null, mUserLockedFields
=22, mFgServiceShown=false, mVibrationEnabled=false, mShowBadge=true, mDeleted=false, mDeletedTimeMs=-1, mGroup='null',
 mAudioAttributes=AudioAttributes: usage=USAGE_NOTIFICATION content=CONTENT_TYPE_SONIFICATION flags=0x800 tags= bundle=
null, mBlockableSystem=false, mAllowBubbles=-1, mImportanceLockedByOEM=false, mImportanceLockedDefaultApp=false, mOrigi
nalImp=1, mParent=null, mConversationId=null, mDemoted=false, mImportantConvo=false}
          NotificationChannel{mId='ORDER_CHANNEL_ID', mName=订单通知, mDescription=hasDescription , mImportance=2, mBypassD
nd=false, mLockscreenVisibility=-1000, mSound=null, mLights=false, mLightColor=0, mVibration=null, mUserLockedFields=20
, mFgServiceShown=true, mVibrationEnabled=false, mShowBadge=true, mDeleted=false, mDeletedTimeMs=-1, mGroup='ORDER', mA
udioAttributes=AudioAttributes: usage=USAGE_NOTIFICATION content=CONTENT_TYPE_SONIFICATION flags=0x800 tags= bundle=nul
l, mBlockableSystem=false, mAllowBubbles=-1, mImportanceLockedByOEM=false, mImportanceLockedDefaultApp=false, mOriginal
Imp=2, mParent=null, mConversationId=null, mDemoted=false, mImportantConvo=false}
          NotificationChannel{mId='ROUTE_CHANNEL_ID', mName=导航通知, mDescription=hasDescription , mImportance=2, mBypassD
nd=false, mLockscreenVisibility=-1000, mSound=null, mLights=false, mLightColor=0, mVibration=null, mUserLockedFields=20
, mFgServiceShown=true, mVibrationEnabled=false, mShowBadge=true, mDeleted=false, mDeletedTimeMs=-1, mGroup='ROUTE', mA
udioAttributes=AudioAttributes: usage=USAGE_NOTIFICATION content=CONTENT_TYPE_SONIFICATION flags=0x800 tags= bundle=nul
l, mBlockableSystem=false, mAllowBubbles=-1, mImportanceLockedByOEM=false, mImportanceLockedDefaultApp=false, mOriginal
Imp=2, mParent=null, mConversationId=null, mDemoted=false, mImportantConvo=false}
          NotificationChannel{mId='ScreenRecorderService.Channel', mName=录屏服务, mDescription=, mImportance=4, mBypassDnd
=false, mLockscreenVisibility=-1000, mSound=content://settings/system/notification_sound, mLights=false, mLightColor=0,
 mVibration=null, mUserLockedFields=0, mFgServiceShown=true, mVibrationEnabled=false, mShowBadge=true, mDeleted=false, 
mDeletedTimeMs=-1, mGroup='null', mAudioAttributes=AudioAttributes: usage=USAGE_NOTIFICATION content=CONTENT_TYPE_SONIF
ICATION flags=0x800 tags= bundle=null, mBlockableSystem=false, mAllowBubbles=-1, mImportanceLockedByOEM=false, mImporta
nceLockedDefaultApp=false, mOriginalImp=4, mParent=null, mConversationId=null, mDemoted=false, mImportantConvo=false}
          NotificationChannelGroup{mId='ROUTE', mName=导航通知, mDescription=, mBlocked=false, mChannels=[], mUserLockedFie
lds=0}
          NotificationChannelGroup{mId='ORDER', mName=订单通知, mDescription=, mBlocked=false, mChannels=[], mUserLockedFie
lds=0}
          NotificationChannelGroup{mId='COMMON', mName=常规通知, mDescription=, mBlocked=false, mChannels=[], mUserLockedFi
elds=0}
        AppSettings: com.android.systemui (10084)
          NotificationChannel{mId='trafficnotification', mName=流量显示, mDescription=, mImportance=1, mBypassDnd=false, mL
ockscreenVisibility=-1000, mSound=content://settings/system/notification_sound, mLights=false, mLightColor=0, mVibratio
n=null, mUserLockedFields=0, mFgServiceShown=false, mVibrationEnabled=false, mShowBadge=true, mDeleted=false, mDeletedT
imeMs=-1, mGroup='null', mAudioAttributes=AudioAttributes: usage=USAGE_NOTIFICATION content=CONTENT_TYPE_SONIFICATION f
lags=0x800 tags= bundle=null, mBlockableSystem=false, mAllowBubbles=-1, mImportanceLockedByOEM=false, mImportanceLocked
DefaultApp=false, mOriginalImp=1, mParent=null, mConversationId=null, mDemoted=false, mImportantConvo=false}
          NotificationChannel{mId='ALR', mName=提醒, mDescription=, mImportance=4, mBypassDnd=false, mLockscreenVisibilit
y=-1000, mSound=content://settings/system/notification_sound, mLights=false, mLightColor=0, mVibration=null, mUserLocke
dFields=0, mFgServiceShown=false, mVibrationEnabled=false, mShowBadge=true, mDeleted=false, mDeletedTimeMs=-1, mGroup='
null', mAudioAttributes=AudioAttributes: usage=USAGE_NOTIFICATION content=CONTENT_TYPE_SONIFICATION flags=0x800 tags= b
undle=null, mBlockableSystem=false, mAllowBubbles=-1, mImportanceLockedByOEM=false, mImportanceLockedDefaultApp=false, 
mOriginalImp=4, mParent=null, mConversationId=null, mDemoted=false, mImportantConvo=false}
          NotificationChannel{mId='BAT', mName=电池, mDescription=, mImportance=5, mBypassDnd=false, mLockscreenVisibilit
y=-1000, mSound=file:///system/media/audio/ui/LowBattery.ogg, mLights=false, mLightColor=0, mVibration=null, mUserLocke
dFields=0, mFgServiceShown=false, mVibrationEnabled=false, mShowBadge=true, mDeleted=false, mDeletedTimeMs=-1, mGroup='
null', mAudioAttributes=AudioAttributes: usage=USAGE_NOTIFICATION_EVENT content=CONTENT_TYPE_SONIFICATION flags=0x800 t
ags= bundle=null, mBlockableSystem=true, mAllowBubbles=-1, mImportanceLockedByOEM=false, mImportanceLockedDefaultApp=fa
lse, mOriginalImp=5, mParent=null, mConversationId=null, mDemoted=false, mImportantConvo=false}
          NotificationChannel{mId='DSK', mName=存储空间, mDescription=, mImportance=2, mBypassDnd=false, mLockscreenVisibil
ity=-1000, mSound=content://settings/system/notification_sound, mLights=false, mLightColor=0, mVibration=null, mUserLoc
kedFields=0, mFgServiceShown=false, mVibrationEnabled=false, mShowBadge=true, mDeleted=false, mDeletedTimeMs=-1, mGroup
='null', mAudioAttributes=AudioAttributes: usage=USAGE_NOTIFICATION content=CONTENT_TYPE_SONIFICATION flags=0x800 tags=
 bundle=null, mBlockableSystem=false, mAllowBubbles=-1, mImportanceLockedByOEM=false, mImportanceLockedDefaultApp=false
, mOriginalImp=2, mParent=null, mConversationId=null, mDemoted=false, mImportantConvo=false}
          NotificationChannel{mId='FLA', mName=手电筒, mDescription=, mImportance=3, mBypassDnd=false, mLockscreenVisibili
ty=-1000, mSound=null, mLights=false, mLightColor=0, mVibration=null, mUserLockedFields=0, mFgServiceShown=false, mVibr
ationEnabled=false, mShowBadge=true, mDeleted=false, mDeletedTimeMs=-1, mGroup='null', mAudioAttributes=AudioAttributes
: usage=USAGE_NOTIFICATION content=CONTENT_TYPE_SONIFICATION flags=0x800 tags= bundle=null, mBlockableSystem=false, mAl
lowBubbles=-1, mImportanceLockedByOEM=false, mImportanceLockedDefaultApp=false, mOriginalImp=3, mParent=null, mConversa
tionId=null, mDemoted=false, mImportantConvo=false}
          NotificationChannel{mId='GEN', mName=常规消息, mDescription=, mImportance=1, mBypassDnd=false, mLockscreenVisibil
ity=-1000, mSound=content://settings/system/notification_sound, mLights=false, mLightColor=0, mVibration=null, mUserLoc
kedFields=0, mFgServiceShown=false, mVibrationEnabled=false, mShowBadge=true, mDeleted=false, mDeletedTimeMs=-1, mGroup
='null', mAudioAttributes=AudioAttributes: usage=USAGE_NOTIFICATION content=CONTENT_TYPE_SONIFICATION flags=0x800 tags=
 bundle=null, mBlockableSystem=false, mAllowBubbles=-1, mImportanceLockedByOEM=false, mImportanceLockedDefaultApp=false
, mOriginalImp=1, mParent=null, mConversationId=null, mDemoted=false, mImportantConvo=false}
          NotificationChannel{mId='HNT', mName=提示, mDescription=, mImportance=3, mBypassDnd=false, mLockscreenVisibilit
y=-1000, mSound=content://settings/system/notification_sound, mLights=false, mLightColor=0, mVibration=null, mUserLocke
dFields=0, mFgServiceShown=false, mVibrationEnabled=false, mShowBadge=true, mDeleted=false, mDeletedTimeMs=-1, mGroup='
null', mAudioAttributes=AudioAttributes: usage=USAGE_NOTIFICATION content=CONTENT_TYPE_SONIFICATION flags=0x800 tags= b
undle=null, mBlockableSystem=false, mAllowBubbles=-1, mImportanceLockedByOEM=false, mImportanceLockedDefaultApp=false, 
mOriginalImp=3, mParent=null, mConversationId=null, mDemoted=false, mImportantConvo=false}
          NotificationChannel{mId='SCN_HEADSUP', mName=屏幕截图, mDescription=, mImportance=4, mBypassDnd=false, mLockscree
nVisibility=-1000, mSound=null, mLights=false, mLightColor=0, mVibration=null, mUserLockedFields=0, mFgServiceShown=fal
se, mVibrationEnabled=false, mShowBadge=true, mDeleted=false, mDeletedTimeMs=-1, mGroup='null', mAudioAttributes=AudioA
ttributes: usage=USAGE_NOTIFICATION content=CONTENT_TYPE_UNKNOWN flags=0x800 tags= bundle=null, mBlockableSystem=true, 
mAllowBubbles=-1, mImportanceLockedByOEM=false, mImportanceLockedDefaultApp=false, mOriginalImp=4, mParent=null, mConve
rsationId=null, mDemoted=false, mImportantConvo=false}
        AppSettings: com.android.nfc (1027)
          NotificationChannel{mId='HwTagDispatchService', mName=HwTagDispatchService, mDescription=, mImportance=4, mBy
passDnd=false, mLockscreenVisibility=-1000, mSound=content://settings/system/notification_sound, mLights=false, mLightC
olor=0, mVibration=null, mUserLockedFields=0, mFgServiceShown=false, mVibrationEnabled=false, mShowBadge=true, mDeleted
=false, mDeletedTimeMs=-1, mGroup='null', mAudioAttributes=AudioAttributes: usage=USAGE_NOTIFICATION content=CONTENT_TY
PE_SONIFICATION flags=0x800 tags= bundle=null, mBlockableSystem=false, mAllowBubbles=-1, mImportanceLockedByOEM=false, 
mImportanceLockedDefaultApp=false, mOriginalImp=4, mParent=null, mConversationId=null, mDemoted=false, mImportantConvo=
false}
        AppSettings: com.hqjy.zikao.student (10208)
        AppSettings: com.google.android.youtube (10282)
          NotificationChannel{mId='generic_notifications', mName=一般通知, mDescription=, mImportance=2, mBypassDnd=false, 
mLockscreenVisibility=-1000, mSound=null, mLights=false, mLightColor=0, mVibration=null, mUserLockedFields=20, mFgServi
ceShown=false, mVibrationEnabled=false, mShowBadge=false, mDeleted=false, mDeletedTimeMs=-1, mGroup='null', mAudioAttri
butes=AudioAttributes: usage=USAGE_NOTIFICATION content=CONTENT_TYPE_SONIFICATION flags=0x800 tags= bundle=null, mBlock
ableSystem=false, mAllowBubbles=-1, mImportanceLockedByOEM=false, mImportanceLockedDefaultApp=false, mOriginalImp=2, mP
arent=null, mConversationId=null, mDemoted=false, mImportantConvo=false}
          NotificationChannel{mId='1', mName=订阅, mDescription=, mImportance=4, mBypassDnd=false, mLockscreenVisibility=
-1000, mSound=null, mLights=false, mLightColor=0, mVibration=null, mUserLockedFields=0, mFgServiceShown=false, mVibrati
onEnabled=false, mShowBadge=true, mDeleted=false, mDeletedTimeMs=-1, mGroup='null', mAudioAttributes=AudioAttributes: u
sage=USAGE_NOTIFICATION content=CONTENT_TYPE_SONIFICATION flags=0x800 tags= bundle=null, mBlockableSystem=false, mAllow
Bubbles=-1, mImportanceLockedByOEM=false, mImportanceLockedDefaultApp=false, mOriginalImp=4, mParent=null, mConversatio
nId=null, mDemoted=false, mImportantConvo=false}
          NotificationChannel{mId='2', mName=直播, mDescription=, mImportance=4, mBypassDnd=false, mLockscreenVisibility=
-1000, mSound=content://settings/system/notification_sound, mLights=false, mLightColor=0, mVibration=null, mUserLockedF
ields=0, mFgServiceShown=false, mVibrationEnabled=false, mShowBadge=true, mDeleted=false, mDeletedTimeMs=-1, mGroup='nu
ll', mAudioAttributes=AudioAttributes: usage=USAGE_NOTIFICATION content=CONTENT_TYPE_SONIFICATION flags=0x800 tags= bun
dle=null, mBlockableSystem=false, mAllowBubbles=-1, mImportanceLockedByOEM=false, mImportanceLockedDefaultApp=false, mO
riginalImp=4, mParent=null, mConversationId=null, mDemoted=false, mImportantConvo=false}
          NotificationChannel{mId='3', mName=评论和回复, mDescription=, mImportance=3, mBypassDnd=false, mLockscreenVisibili
ty=-1000, mSound=null, mLights=false, mLightColor=0, mVibration=null, mUserLockedFields=0, mFgServiceShown=false, mVibr
ationEnabled=false, mShowBadge=true, mDeleted=false, mDeletedTimeMs=-1, mGroup='null', mAudioAttributes=AudioAttributes
: usage=USAGE_NOTIFICATION content=CONTENT_TYPE_SONIFICATION flags=0x800 tags= bundle=null, mBlockableSystem=false, mAl
lowBubbles=-1, mImportanceLockedByOEM=false, mImportanceLockedDefaultApp=false, mOriginalImp=3, mParent=null, mConversa
tionId=null, mDemoted=false, mImportantConvo=false}
          NotificationChannel{mId='5', mName=推荐内容, mDescription=, mImportance=2, mBypassDnd=false, mLockscreenVisibilit
y=-1000, mSound=null, mLights=false, mLightColor=0, mVibration=null, mUserLockedFields=0, mFgServiceShown=false, mVibra
tionEnabled=false, mShowBadge=true, mDeleted=false, mDeletedTimeMs=-1, mGroup='null', mAudioAttributes=AudioAttributes:
 usage=USAGE_NOTIFICATION content=CONTENT_TYPE_SONIFICATION flags=0x800 tags= bundle=null, mBlockableSystem=false, mAll
owBubbles=-1, mImportanceLockedByOEM=false, mImportanceLockedDefaultApp=false, mOriginalImp=2, mParent=null, mConversat
ionId=null, mDemoted=false, mImportantConvo=false}
          NotificationChannel{mId='6', mName=产品最新动态, mDescription=, mImportance=2, mBypassDnd=false, mLockscreenVisibil
ity=-1000, mSound=null, mLights=false, mLightColor=0, mVibration=null, mUserLockedFields=0, mFgServiceShown=false, mVib
rationEnabled=false, mShowBadge=true, mDeleted=false, mDeletedTimeMs=-1, mGroup='null', mAudioAttributes=AudioAttribute
s: usage=USAGE_NOTIFICATION content=CONTENT_TYPE_SONIFICATION flags=0x800 tags= bundle=null, mBlockableSystem=false, mA
llowBubbles=-1, mImportanceLockedByOEM=false, mImportanceLockedDefaultApp=false, mOriginalImp=2, mParent=null, mConvers
ationId=null, mDemoted=false, mImportantConvo=false}
          NotificationChannel{mId='7', mName=锁定屏幕媒体控件, mDescription=, mImportance=2, mBypassDnd=false, mLockscreenVisib
ility=-1000, mSound=null, mLights=false, mLightColor=0, mVibration=null, mUserLockedFields=0, mFgServiceShown=false, mV
ibrationEnabled=false, mShowBadge=false, mDeleted=false, mDeletedTimeMs=-1, mGroup='null', mAudioAttributes=AudioAttrib
utes: usage=USAGE_NOTIFICATION content=CONTENT_TYPE_SONIFICATION flags=0x800 tags= bundle=null, mBlockableSystem=false,
 mAllowBubbles=-1, mImportanceLockedByOEM=false, mImportanceLockedDefaultApp=false, mOriginalImp=2, mParent=null, mConv
ersationId=null, mDemoted=false, mImportantConvo=false}
          NotificationChannel{mId='10', mName=在移动设备上搜索电视节目, mDescription=, mImportance=4, mBypassDnd=false, mLockscreen
Visibility=-1000, mSound=content://settings/system/notification_sound, mLights=false, mLightColor=0, mVibration=null, m
UserLockedFields=0, mFgServiceShown=false, mVibrationEnabled=false, mShowBadge=true, mDeleted=false, mDeletedTimeMs=-1,
 mGroup='null', mAudioAttributes=AudioAttributes: usage=USAGE_NOTIFICATION content=CONTENT_TYPE_SONIFICATION flags=0x80
0 tags= bundle=null, mBlockableSystem=false, mAllowBubbles=-1, mImportanceLockedByOEM=false, mImportanceLockedDefaultAp
p=false, mOriginalImp=4, mParent=null, mConversationId=null, mDemoted=false, mImportantConvo=false}
>       key='com.autonavi.minimap',
        numEnqueuedByApp=5,
        numPostedByApp=4,
        numUpdatedByApp=1,
        numRemovedByApp=3,
        numPeopleCacheHit=10,
        numWithStaredPeople=0,
        numWithValidPeople=0,
        numPeopleCacheMiss=0,
        numBlocked=0,
        numSuspendedByAdmin=0,
        numWithActions=0,
        numPrivate=5,
        numSecret=0,
        numInterrupt=0,
        numWithBigText=0,
        numWithBigPicture=0
        numForegroundService=5
        numOngoing=5
        numAutoCancel=0
        numWithLargeIcon=5
        numWithInbox=0
        numWithMediaSession=0
        numWithTitle=5
        numWithText=5
        numWithSubText=0
        numWithInfoText=0
        numRateViolations=0
        numAlertViolations=0
        numQuotaViolations=0
        numImagesRemoved=0



===== SAMPLE 16:59:00 =====

>     NotificationRecord(0x032554f6: pkg=com.autonavi.minimap user=UserHandle{0} id=99910001 tag=null importance=2 key=
0|com.autonavi.minimap|99910001|null|10221: Notification(channel=ROUTE_CHANNEL_ID shortcut=null contentView=null vibrat
e=null sound=null tick defaults=0x0 flags=0x62 color=0x00000000 category=navigation groupKey=ranker_group99910001 capsu
leEnableStatus=-1 vis=PRIVATE))
        uid=10221 userId=0
>       opPkg=com.autonavi.minimap
>       icon=Icon(typ=RESOURCE pkg=com.autonavi.minimap id=0x7f08096d)
        flags=0x62
        pri=0
>       key=0|com.autonavi.minimap|99910001|null|10221
        seen=false
>       groupKey=0|com.autonavi.minimap|99910001|null|10221
        notification=
              fullscreenIntent=null
>             contentIntent=PendingIntent{30c50f7: PendingIntentRecord{955f469 com.autonavi.minimap startActivity (allo
wlist: bff4549:+30s0ms/0/NOTIFICATION_SERVICE/NotificationManagerService)}}
              deleteIntent=null
              number=0
              groupAlertBehavior=0
              when=1789721304320
              tickerText=高德地图
              contentView=null
              bigContentView=null
              headsUpContentView=null
              color=0x00000000
              timeout=unknown
              extras={
                  android.title=String (高德地图)
                  android.reduced.images=Boolean (true)
                  android.subText=null
                  android.showChronometer=Boolean (false)
                  android.text=String (正在导航)
                  android.progress=Integer (0)
                  android.progressMax=Integer (0)
                  specialType=String (floating_window_notification)
>                 android.appInfo=ApplicationInfo (ApplicationInfo{2f3eb64 com.autonavi.minimap})
                  android.showWhen=Boolean (true)
                  notification_should_ringtone=Boolean (false)
                  externalChannelType=Integer (3)
                  android.largeIcon=Icon (Icon(typ=BITMAP size=102x102))
                  PopupBackgroundWindowPrevilege=Boolean (false)
                  android.infoText=null
                  topFullscreen=Boolean (false)
                  isRequestSingleLine=Boolean (false)
                  android.progressIndeterminate=Boolean (false)
                  android.remoteInputHistory=null
                  gameDndOn=Boolean (false)
>                 com.autonavi.minimap.navigating=Boolean (true)
              }
        publicNotification=
              None
        stats=SingleNotificationStats{posttimeElapsedMs=2384251038, posttimeToFirstClickMs=-1, posttimeToDismissMs=-1, 
airtimeCount=0, airtimeMs=0, currentAirtimeStartElapsedMs=-1, airtimeExpandedMs=0, posttimeToFirstVisibleExpansionMs=-1
, currentAirtimeExpandedStartElapsedMs=-1, requestedImportance=3, naturalImportance=2, isNoisy=false}
        mContactAffinity=0.0
        mRecentlyIntrusive=false
        mPackagePriority=0
        mPackageVisibility=-1000
        mSystemImportance=UNSPECIFIED
        mAsstImportance=UNSPECIFIED
        mImportance=LOW
        mImportanceExplanation=app
        mIsAppImportanceLocked=false
        mIntercept=false
        mHidden==false
        mGlobalSortKey=crtcl=0x0002:intrsv=1:grnk=0x0006:gsmry=1:nsk:rnk=0x0006
        mRankingTimeMs=1789721304320
        mCreationTimeMs=1789721303462
        mVisibleSinceMs=0
        mUpdateTimeMs=1789721304329
        mInterruptionTimeMs=1789721304329
        mSuppressedVisualEffects= 0
        mSound= null
        mVibration= null
        mAttributes= AudioAttributes: usage=USAGE_NOTIFICATION content=CONTENT_TYPE_SONIFICATION flags=0x800 tags= bund
le=null
        mLight= null
        mShowBadge=true
        mColorized=false
        mAllowBubble=false
        isBubble=false
>       AppSettings: com.autonavi.minimap (10221)
          NotificationChannel{mId='com.huawei.android.pushagent16320', mName=普通通知, mDescription=, mImportance=3, mBypas
sDnd=false, mLockscreenVisibility=-1000, mSound=content://settings/system/notification_sound, mLights=true, mLightColor
=0, mVibration=null, mUserLockedFields=0, mFgServiceShown=false, mVibrationEnabled=true, mShowBadge=true, mDeleted=fals
e, mDeletedTimeMs=-1, mGroup='null', mAudioAttributes=AudioAttributes: usage=USAGE_NOTIFICATION content=CONTENT_TYPE_SO
NIFICATION flags=0x800 tags= bundle=null, mBlockableSystem=false, mAllowBubbles=-1, mImportanceLockedByOEM=false, mImpo
rtanceLockedDefaultApp=false, mOriginalImp=3, mParent=null, mConversationId=null, mDemoted=false, mImportantConvo=false
}
          NotificationChannel{mId='COMMON_CHANNEL_ID', mName=其他通知, mDescription=hasDescription , mImportance=2, mBypass
Dnd=false, mLockscreenVisibility=-1000, mSound=null, mLights=false, mLightColor=0, mVibration=null, mUserLockedFields=2
0, mFgServiceShown=true, mVibrationEnabled=false, mShowBadge=true, mDeleted=false, mDeletedTimeMs=-1, mGroup='COMMON', 
mAudioAttributes=AudioAttributes: usage=USAGE_NOTIFICATION content=CONTENT_TYPE_SONIFICATION flags=0x800 tags= bundle=n
ull, mBlockableSystem=false, mAllowBubbles=-1, mImportanceLockedByOEM=false, mImportanceLockedDefaultApp=false, mOrigin
alImp=2, mParent=null, mConversationId=null, mDemoted=false, mImportantConvo=false}
          NotificationChannel{mId='com.huawei.android.pushagent.low62953', mName=营销通知, mDescription=, mImportance=1, mB
ypassDnd=false, mLockscreenVisibility=-1, mSound=null, mLights=false, mLightColor=0, mVibration=null, mUserLockedFields
=22, mFgServiceShown=false, mVibrationEnabled=false, mShowBadge=true, mDeleted=false, mDeletedTimeMs=-1, mGroup='null',
 mAudioAttributes=AudioAttributes: usage=USAGE_NOTIFICATION content=CONTENT_TYPE_SONIFICATION flags=0x800 tags= bundle=
null, mBlockableSystem=false, mAllowBubbles=-1, mImportanceLockedByOEM=false, mImportanceLockedDefaultApp=false, mOrigi
nalImp=1, mParent=null, mConversationId=null, mDemoted=false, mImportantConvo=false}
          NotificationChannel{mId='ORDER_CHANNEL_ID', mName=订单通知, mDescription=hasDescription , mImportance=2, mBypassD
nd=false, mLockscreenVisibility=-1000, mSound=null, mLights=false, mLightColor=0, mVibration=null, mUserLockedFields=20
, mFgServiceShown=true, mVibrationEnabled=false, mShowBadge=true, mDeleted=false, mDeletedTimeMs=-1, mGroup='ORDER', mA
udioAttributes=AudioAttributes: usage=USAGE_NOTIFICATION content=CONTENT_TYPE_SONIFICATION flags=0x800 tags= bundle=nul
l, mBlockableSystem=false, mAllowBubbles=-1, mImportanceLockedByOEM=false, mImportanceLockedDefaultApp=false, mOriginal
Imp=2, mParent=null, mConversationId=null, mDemoted=false, mImportantConvo=false}
          NotificationChannel{mId='ROUTE_CHANNEL_ID', mName=导航通知, mDescription=hasDescription , mImportance=2, mBypassD
nd=false, mLockscreenVisibility=-1000, mSound=null, mLights=false, mLightColor=0, mVibration=null, mUserLockedFields=20
, mFgServiceShown=true, mVibrationEnabled=false, mShowBadge=true, mDeleted=false, mDeletedTimeMs=-1, mGroup='ROUTE', mA
udioAttributes=AudioAttributes: usage=USAGE_NOTIFICATION content=CONTENT_TYPE_SONIFICATION flags=0x800 tags= bundle=nul
l, mBlockableSystem=false, mAllowBubbles=-1, mImportanceLockedByOEM=false, mImportanceLockedDefaultApp=false, mOriginal
Imp=2, mParent=null, mConversationId=null, mDemoted=false, mImportantConvo=false}
          NotificationChannel{mId='ScreenRecorderService.Channel', mName=录屏服务, mDescription=, mImportance=4, mBypassDnd
=false, mLockscreenVisibility=-1000, mSound=content://settings/system/notification_sound, mLights=false, mLightColor=0,
 mVibration=null, mUserLockedFields=0, mFgServiceShown=true, mVibrationEnabled=false, mShowBadge=true, mDeleted=false, 
mDeletedTimeMs=-1, mGroup='null', mAudioAttributes=AudioAttributes: usage=USAGE_NOTIFICATION content=CONTENT_TYPE_SONIF
ICATION flags=0x800 tags= bundle=null, mBlockableSystem=false, mAllowBubbles=-1, mImportanceLockedByOEM=false, mImporta
nceLockedDefaultApp=false, mOriginalImp=4, mParent=null, mConversationId=null, mDemoted=false, mImportantConvo=false}
          NotificationChannelGroup{mId='ROUTE', mName=导航通知, mDescription=, mBlocked=false, mChannels=[], mUserLockedFie
lds=0}
          NotificationChannelGroup{mId='ORDER', mName=订单通知, mDescription=, mBlocked=false, mChannels=[], mUserLockedFie
lds=0}
          NotificationChannelGroup{mId='COMMON', mName=常规通知, mDescription=, mBlocked=false, mChannels=[], mUserLockedFi
elds=0}
        AppSettings: com.android.systemui (10084)
          NotificationChannel{mId='trafficnotification', mName=流量显示, mDescription=, mImportance=1, mBypassDnd=false, mL
ockscreenVisibility=-1000, mSound=content://settings/system/notification_sound, mLights=false, mLightColor=0, mVibratio
n=null, mUserLockedFields=0, mFgServiceShown=false, mVibrationEnabled=false, mShowBadge=true, mDeleted=false, mDeletedT
imeMs=-1, mGroup='null', mAudioAttributes=AudioAttributes: usage=USAGE_NOTIFICATION content=CONTENT_TYPE_SONIFICATION f
lags=0x800 tags= bundle=null, mBlockableSystem=false, mAllowBubbles=-1, mImportanceLockedByOEM=false, mImportanceLocked
DefaultApp=false, mOriginalImp=1, mParent=null, mConversationId=null, mDemoted=false, mImportantConvo=false}
          NotificationChannel{mId='ALR', mName=提醒, mDescription=, mImportance=4, mBypassDnd=false, mLockscreenVisibilit
y=-1000, mSound=content://settings/system/notification_sound, mLights=false, mLightColor=0, mVibration=null, mUserLocke
dFields=0, mFgServiceShown=false, mVibrationEnabled=false, mShowBadge=true, mDeleted=false, mDeletedTimeMs=-1, mGroup='
null', mAudioAttributes=AudioAttributes: usage=USAGE_NOTIFICATION content=CONTENT_TYPE_SONIFICATION flags=0x800 tags= b
undle=null, mBlockableSystem=false, mAllowBubbles=-1, mImportanceLockedByOEM=false, mImportanceLockedDefaultApp=false, 
mOriginalImp=4, mParent=null, mConversationId=null, mDemoted=false, mImportantConvo=false}
          NotificationChannel{mId='BAT', mName=电池, mDescription=, mImportance=5, mBypassDnd=false, mLockscreenVisibilit
y=-1000, mSound=file:///system/media/audio/ui/LowBattery.ogg, mLights=false, mLightColor=0, mVibration=null, mUserLocke
dFields=0, mFgServiceShown=false, mVibrationEnabled=false, mShowBadge=true, mDeleted=false, mDeletedTimeMs=-1, mGroup='
null', mAudioAttributes=AudioAttributes: usage=USAGE_NOTIFICATION_EVENT content=CONTENT_TYPE_SONIFICATION flags=0x800 t
ags= bundle=null, mBlockableSystem=true, mAllowBubbles=-1, mImportanceLockedByOEM=false, mImportanceLockedDefaultApp=fa
lse, mOriginalImp=5, mParent=null, mConversationId=null, mDemoted=false, mImportantConvo=false}
          NotificationChannel{mId='DSK', mName=存储空间, mDescription=, mImportance=2, mBypassDnd=false, mLockscreenVisibil
ity=-1000, mSound=content://settings/system/notification_sound, mLights=false, mLightColor=0, mVibration=null, mUserLoc
kedFields=0, mFgServiceShown=false, mVibrationEnabled=false, mShowBadge=true, mDeleted=false, mDeletedTimeMs=-1, mGroup
='null', mAudioAttributes=AudioAttributes: usage=USAGE_NOTIFICATION content=CONTENT_TYPE_SONIFICATION flags=0x800 tags=
 bundle=null, mBlockableSystem=false, mAllowBubbles=-1, mImportanceLockedByOEM=false, mImportanceLockedDefaultApp=false
, mOriginalImp=2, mParent=null, mConversationId=null, mDemoted=false, mImportantConvo=false}
          NotificationChannel{mId='FLA', mName=手电筒, mDescription=, mImportance=3, mBypassDnd=false, mLockscreenVisibili
ty=-1000, mSound=null, mLights=false, mLightColor=0, mVibration=null, mUserLockedFields=0, mFgServiceShown=false, mVibr
ationEnabled=false, mShowBadge=true, mDeleted=false, mDeletedTimeMs=-1, mGroup='null', mAudioAttributes=AudioAttributes
: usage=USAGE_NOTIFICATION content=CONTENT_TYPE_SONIFICATION flags=0x800 tags= bundle=null, mBlockableSystem=false, mAl
lowBubbles=-1, mImportanceLockedByOEM=false, mImportanceLockedDefaultApp=false, mOriginalImp=3, mParent=null, mConversa
tionId=null, mDemoted=false, mImportantConvo=false}
          NotificationChannel{mId='GEN', mName=常规消息, mDescription=, mImportance=1, mBypassDnd=false, mLockscreenVisibil
ity=-1000, mSound=content://settings/system/notification_sound, mLights=false, mLightColor=0, mVibration=null, mUserLoc
kedFields=0, mFgServiceShown=false, mVibrationEnabled=false, mShowBadge=true, mDeleted=false, mDeletedTimeMs=-1, mGroup
='null', mAudioAttributes=AudioAttributes: usage=USAGE_NOTIFICATION content=CONTENT_TYPE_SONIFICATION flags=0x800 tags=
 bundle=null, mBlockableSystem=false, mAllowBubbles=-1, mImportanceLockedByOEM=false, mImportanceLockedDefaultApp=false
, mOriginalImp=1, mParent=null, mConversationId=null, mDemoted=false, mImportantConvo=false}
          NotificationChannel{mId='HNT', mName=提示, mDescription=, mImportance=3, mBypassDnd=false, mLockscreenVisibilit
y=-1000, mSound=content://settings/system/notification_sound, mLights=false, mLightColor=0, mVibration=null, mUserLocke
dFields=0, mFgServiceShown=false, mVibrationEnabled=false, mShowBadge=true, mDeleted=false, mDeletedTimeMs=-1, mGroup='
null', mAudioAttributes=AudioAttributes: usage=USAGE_NOTIFICATION content=CONTENT_TYPE_SONIFICATION flags=0x800 tags= b
undle=null, mBlockableSystem=false, mAllowBubbles=-1, mImportanceLockedByOEM=false, mImportanceLockedDefaultApp=false, 
mOriginalImp=3, mParent=null, mConversationId=null, mDemoted=false, mImportantConvo=false}
          NotificationChannel{mId='SCN_HEADSUP', mName=屏幕截图, mDescription=, mImportance=4, mBypassDnd=false, mLockscree
nVisibility=-1000, mSound=null, mLights=false, mLightColor=0, mVibration=null, mUserLockedFields=0, mFgServiceShown=fal
se, mVibrationEnabled=false, mShowBadge=true, mDeleted=false, mDeletedTimeMs=-1, mGroup='null', mAudioAttributes=AudioA
ttributes: usage=USAGE_NOTIFICATION content=CONTENT_TYPE_UNKNOWN flags=0x800 tags= bundle=null, mBlockableSystem=true, 
mAllowBubbles=-1, mImportanceLockedByOEM=false, mImportanceLockedDefaultApp=false, mOriginalImp=4, mParent=null, mConve
rsationId=null, mDemoted=false, mImportantConvo=false}
        AppSettings: com.android.nfc (1027)
          NotificationChannel{mId='HwTagDispatchService', mName=HwTagDispatchService, mDescription=, mImportance=4, mBy
passDnd=false, mLockscreenVisibility=-1000, mSound=content://settings/system/notification_sound, mLights=false, mLightC
olor=0, mVibration=null, mUserLockedFields=0, mFgServiceShown=false, mVibrationEnabled=false, mShowBadge=true, mDeleted
=false, mDeletedTimeMs=-1, mGroup='null', mAudioAttributes=AudioAttributes: usage=USAGE_NOTIFICATION content=CONTENT_TY
PE_SONIFICATION flags=0x800 tags= bundle=null, mBlockableSystem=false, mAllowBubbles=-1, mImportanceLockedByOEM=false, 
mImportanceLockedDefaultApp=false, mOriginalImp=4, mParent=null, mConversationId=null, mDemoted=false, mImportantConvo=
false}
        AppSettings: com.hqjy.zikao.student (10208)
        AppSettings: com.google.android.youtube (10282)
          NotificationChannel{mId='generic_notifications', mName=一般通知, mDescription=, mImportance=2, mBypassDnd=false, 
mLockscreenVisibility=-1000, mSound=null, mLights=false, mLightColor=0, mVibration=null, mUserLockedFields=20, mFgServi
ceShown=false, mVibrationEnabled=false, mShowBadge=false, mDeleted=false, mDeletedTimeMs=-1, mGroup='null', mAudioAttri
butes=AudioAttributes: usage=USAGE_NOTIFICATION content=CONTENT_TYPE_SONIFICATION flags=0x800 tags= bundle=null, mBlock
ableSystem=false, mAllowBubbles=-1, mImportanceLockedByOEM=false, mImportanceLockedDefaultApp=false, mOriginalImp=2, mP
arent=null, mConversationId=null, mDemoted=false, mImportantConvo=false}
          NotificationChannel{mId='1', mName=订阅, mDescription=, mImportance=4, mBypassDnd=false, mLockscreenVisibility=
-1000, mSound=null, mLights=false, mLightColor=0, mVibration=null, mUserLockedFields=0, mFgServiceShown=false, mVibrati
onEnabled=false, mShowBadge=true, mDeleted=false, mDeletedTimeMs=-1, mGroup='null', mAudioAttributes=AudioAttributes: u
sage=USAGE_NOTIFICATION content=CONTENT_TYPE_SONIFICATION flags=0x800 tags= bundle=null, mBlockableSystem=false, mAllow
Bubbles=-1, mImportanceLockedByOEM=false, mImportanceLockedDefaultApp=false, mOriginalImp=4, mParent=null, mConversatio
nId=null, mDemoted=false, mImportantConvo=false}
          NotificationChannel{mId='2', mName=直播, mDescription=, mImportance=4, mBypassDnd=false, mLockscreenVisibility=
-1000, mSound=content://settings/system/notification_sound, mLights=false, mLightColor=0, mVibration=null, mUserLockedF
ields=0, mFgServiceShown=false, mVibrationEnabled=false, mShowBadge=true, mDeleted=false, mDeletedTimeMs=-1, mGroup='nu
ll', mAudioAttributes=AudioAttributes: usage=USAGE_NOTIFICATION content=CONTENT_TYPE_SONIFICATION flags=0x800 tags= bun
dle=null, mBlockableSystem=false, mAllowBubbles=-1, mImportanceLockedByOEM=false, mImportanceLockedDefaultApp=false, mO
riginalImp=4, mParent=null, mConversationId=null, mDemoted=false, mImportantConvo=false}
          NotificationChannel{mId='3', mName=评论和回复, mDescription=, mImportance=3, mBypassDnd=false, mLockscreenVisibili
ty=-1000, mSound=null, mLights=false, mLightColor=0, mVibration=null, mUserLockedFields=0, mFgServiceShown=false, mVibr
ationEnabled=false, mShowBadge=true, mDeleted=false, mDeletedTimeMs=-1, mGroup='null', mAudioAttributes=AudioAttributes
: usage=USAGE_NOTIFICATION content=CONTENT_TYPE_SONIFICATION flags=0x800 tags= bundle=null, mBlockableSystem=false, mAl
lowBubbles=-1, mImportanceLockedByOEM=false, mImportanceLockedDefaultApp=false, mOriginalImp=3, mParent=null, mConversa
tionId=null, mDemoted=false, mImportantConvo=false}
          NotificationChannel{mId='5', mName=推荐内容, mDescription=, mImportance=2, mBypassDnd=false, mLockscreenVisibilit
y=-1000, mSound=null, mLights=false, mLightColor=0, mVibration=null, mUserLockedFields=0, mFgServiceShown=false, mVibra
tionEnabled=false, mShowBadge=true, mDeleted=false, mDeletedTimeMs=-1, mGroup='null', mAudioAttributes=AudioAttributes:
 usage=USAGE_NOTIFICATION content=CONTENT_TYPE_SONIFICATION flags=0x800 tags= bundle=null, mBlockableSystem=false, mAll
owBubbles=-1, mImportanceLockedByOEM=false, mImportanceLockedDefaultApp=false, mOriginalImp=2, mParent=null, mConversat
ionId=null, mDemoted=false, mImportantConvo=false}
          NotificationChannel{mId='6', mName=产品最新动态, mDescription=, mImportance=2, mBypassDnd=false, mLockscreenVisibil
ity=-1000, mSound=null, mLights=false, mLightColor=0, mVibration=null, mUserLockedFields=0, mFgServiceShown=false, mVib
rationEnabled=false, mShowBadge=true, mDeleted=false, mDeletedTimeMs=-1, mGroup='null', mAudioAttributes=AudioAttribute
s: usage=USAGE_NOTIFICATION content=CONTENT_TYPE_SONIFICATION flags=0x800 tags= bundle=null, mBlockableSystem=false, mA
llowBubbles=-1, mImportanceLockedByOEM=false, mImportanceLockedDefaultApp=false, mOriginalImp=2, mParent=null, mConvers
ationId=null, mDemoted=false, mImportantConvo=false}
          NotificationChannel{mId='7', mName=锁定屏幕媒体控件, mDescription=, mImportance=2, mBypassDnd=false, mLockscreenVisib
ility=-1000, mSound=null, mLights=false, mLightColor=0, mVibration=null, mUserLockedFields=0, mFgServiceShown=false, mV
ibrationEnabled=false, mShowBadge=false, mDeleted=false, mDeletedTimeMs=-1, mGroup='null', mAudioAttributes=AudioAttrib
utes: usage=USAGE_NOTIFICATION content=CONTENT_TYPE_SONIFICATION flags=0x800 tags= bundle=null, mBlockableSystem=false,
 mAllowBubbles=-1, mImportanceLockedByOEM=false, mImportanceLockedDefaultApp=false, mOriginalImp=2, mParent=null, mConv
ersationId=null, mDemoted=false, mImportantConvo=false}
          NotificationChannel{mId='10', mName=在移动设备上搜索电视节目, mDescription=, mImportance=4, mBypassDnd=false, mLockscreen
Visibility=-1000, mSound=content://settings/system/notification_sound, mLights=false, mLightColor=0, mVibration=null, m
UserLockedFields=0, mFgServiceShown=false, mVibrationEnabled=false, mShowBadge=true, mDeleted=false, mDeletedTimeMs=-1,
 mGroup='null', mAudioAttributes=AudioAttributes: usage=USAGE_NOTIFICATION content=CONTENT_TYPE_SONIFICATION flags=0x80
0 tags= bundle=null, mBlockableSystem=false, mAllowBubbles=-1, mImportanceLockedByOEM=false, mImportanceLockedDefaultAp
p=false, mOriginalImp=4, mParent=null, mConversationId=null, mDemoted=false, mImportantConvo=false}
>       key='com.autonavi.minimap',
        numEnqueuedByApp=5,
        numPostedByApp=4,
        numUpdatedByApp=1,
        numRemovedByApp=3,
        numPeopleCacheHit=10,
        numWithStaredPeople=0,
        numWithValidPeople=0,
        numPeopleCacheMiss=0,
        numBlocked=0,
        numSuspendedByAdmin=0,
        numWithActions=0,
        numPrivate=5,
        numSecret=0,
        numInterrupt=0,
        numWithBigText=0,
        numWithBigPicture=0
        numForegroundService=5
        numOngoing=5
        numAutoCancel=0
        numWithLargeIcon=5
        numWithInbox=0
        numWithMediaSession=0
        numWithTitle=5
        numWithText=5
        numWithSubText=0
        numWithInfoText=0
        numRateViolations=0
        numAlertViolations=0
        numQuotaViolations=0
        numImagesRemoved=0



===== SAMPLE 16:59:03 =====

>     NotificationRecord(0x032554f6: pkg=com.autonavi.minimap user=UserHandle{0} id=99910001 tag=null importance=2 key=
0|com.autonavi.minimap|99910001|null|10221: Notification(channel=ROUTE_CHANNEL_ID shortcut=null contentView=null vibrat
e=null sound=null tick defaults=0x0 flags=0x62 color=0x00000000 category=navigation groupKey=ranker_group99910001 capsu
leEnableStatus=-1 vis=PRIVATE))
        uid=10221 userId=0
>       opPkg=com.autonavi.minimap
>       icon=Icon(typ=RESOURCE pkg=com.autonavi.minimap id=0x7f08096d)
        flags=0x62
        pri=0
>       key=0|com.autonavi.minimap|99910001|null|10221
        seen=false
>       groupKey=0|com.autonavi.minimap|99910001|null|10221
        notification=
              fullscreenIntent=null
>             contentIntent=PendingIntent{30c50f7: PendingIntentRecord{955f469 com.autonavi.minimap startActivity (allo
wlist: bff4549:+30s0ms/0/NOTIFICATION_SERVICE/NotificationManagerService)}}
              deleteIntent=null
              number=0
              groupAlertBehavior=0
              when=1789721304320
              tickerText=高德地图
              contentView=null
              bigContentView=null
              headsUpContentView=null
              color=0x00000000
              timeout=unknown
              extras={
                  android.title=String (高德地图)
                  android.reduced.images=Boolean (true)
                  android.subText=null
                  android.showChronometer=Boolean (false)
                  android.text=String (正在导航)
                  android.progress=Integer (0)
                  android.progressMax=Integer (0)
                  specialType=String (floating_window_notification)
>                 android.appInfo=ApplicationInfo (ApplicationInfo{2f3eb64 com.autonavi.minimap})
                  android.showWhen=Boolean (true)
                  notification_should_ringtone=Boolean (false)
                  externalChannelType=Integer (3)
                  android.largeIcon=Icon (Icon(typ=BITMAP size=102x102))
                  PopupBackgroundWindowPrevilege=Boolean (false)
                  android.infoText=null
                  topFullscreen=Boolean (false)
                  isRequestSingleLine=Boolean (false)
                  android.progressIndeterminate=Boolean (false)
                  android.remoteInputHistory=null
                  gameDndOn=Boolean (false)
>                 com.autonavi.minimap.navigating=Boolean (true)
              }
        publicNotification=
              None
        stats=SingleNotificationStats{posttimeElapsedMs=2384251038, posttimeToFirstClickMs=-1, posttimeToDismissMs=-1, 
airtimeCount=0, airtimeMs=0, currentAirtimeStartElapsedMs=-1, airtimeExpandedMs=0, posttimeToFirstVisibleExpansionMs=-1
, currentAirtimeExpandedStartElapsedMs=-1, requestedImportance=3, naturalImportance=2, isNoisy=false}
        mContactAffinity=0.0
        mRecentlyIntrusive=false
        mPackagePriority=0
        mPackageVisibility=-1000
        mSystemImportance=UNSPECIFIED
        mAsstImportance=UNSPECIFIED
        mImportance=LOW
        mImportanceExplanation=app
        mIsAppImportanceLocked=false
        mIntercept=false
        mHidden==false
        mGlobalSortKey=crtcl=0x0002:intrsv=1:grnk=0x0006:gsmry=1:nsk:rnk=0x0006
        mRankingTimeMs=1789721304320
        mCreationTimeMs=1789721303462
        mVisibleSinceMs=0
        mUpdateTimeMs=1789721304329
        mInterruptionTimeMs=1789721304329
        mSuppressedVisualEffects= 0
        mSound= null
        mVibration= null
        mAttributes= AudioAttributes: usage=USAGE_NOTIFICATION content=CONTENT_TYPE_SONIFICATION flags=0x800 tags= bund
le=null
        mLight= null
        mShowBadge=true
        mColorized=false
        mAllowBubble=false
        isBubble=false
>       AppSettings: com.autonavi.minimap (10221)
          NotificationChannel{mId='com.huawei.android.pushagent16320', mName=普通通知, mDescription=, mImportance=3, mBypas
sDnd=false, mLockscreenVisibility=-1000, mSound=content://settings/system/notification_sound, mLights=true, mLightColor
=0, mVibration=null, mUserLockedFields=0, mFgServiceShown=false, mVibrationEnabled=true, mShowBadge=true, mDeleted=fals
e, mDeletedTimeMs=-1, mGroup='null', mAudioAttributes=AudioAttributes: usage=USAGE_NOTIFICATION content=CONTENT_TYPE_SO
NIFICATION flags=0x800 tags= bundle=null, mBlockableSystem=false, mAllowBubbles=-1, mImportanceLockedByOEM=false, mImpo
rtanceLockedDefaultApp=false, mOriginalImp=3, mParent=null, mConversationId=null, mDemoted=false, mImportantConvo=false
}
          NotificationChannel{mId='COMMON_CHANNEL_ID', mName=其他通知, mDescription=hasDescription , mImportance=2, mBypass
Dnd=false, mLockscreenVisibility=-1000, mSound=null, mLights=false, mLightColor=0, mVibration=null, mUserLockedFields=2
0, mFgServiceShown=true, mVibrationEnabled=false, mShowBadge=true, mDeleted=false, mDeletedTimeMs=-1, mGroup='COMMON', 
mAudioAttributes=AudioAttributes: usage=USAGE_NOTIFICATION content=CONTENT_TYPE_SONIFICATION flags=0x800 tags= bundle=n
ull, mBlockableSystem=false, mAllowBubbles=-1, mImportanceLockedByOEM=false, mImportanceLockedDefaultApp=false, mOrigin
alImp=2, mParent=null, mConversationId=null, mDemoted=false, mImportantConvo=false}
          NotificationChannel{mId='com.huawei.android.pushagent.low62953', mName=营销通知, mDescription=, mImportance=1, mB
ypassDnd=false, mLockscreenVisibility=-1, mSound=null, mLights=false, mLightColor=0, mVibration=null, mUserLockedFields
=22, mFgServiceShown=false, mVibrationEnabled=false, mShowBadge=true, mDeleted=false, mDeletedTimeMs=-1, mGroup='null',
 mAudioAttributes=AudioAttributes: usage=USAGE_NOTIFICATION content=CONTENT_TYPE_SONIFICATION flags=0x800 tags= bundle=
null, mBlockableSystem=false, mAllowBubbles=-1, mImportanceLockedByOEM=false, mImportanceLockedDefaultApp=false, mOrigi
nalImp=1, mParent=null, mConversationId=null, mDemoted=false, mImportantConvo=false}
          NotificationChannel{mId='ORDER_CHANNEL_ID', mName=订单通知, mDescription=hasDescription , mImportance=2, mBypassD
nd=false, mLockscreenVisibility=-1000, mSound=null, mLights=false, mLightColor=0, mVibration=null, mUserLockedFields=20
, mFgServiceShown=true, mVibrationEnabled=false, mShowBadge=true, mDeleted=false, mDeletedTimeMs=-1, mGroup='ORDER', mA
udioAttributes=AudioAttributes: usage=USAGE_NOTIFICATION content=CONTENT_TYPE_SONIFICATION flags=0x800 tags= bundle=nul
l, mBlockableSystem=false, mAllowBubbles=-1, mImportanceLockedByOEM=false, mImportanceLockedDefaultApp=false, mOriginal
Imp=2, mParent=null, mConversationId=null, mDemoted=false, mImportantConvo=false}
          NotificationChannel{mId='ROUTE_CHANNEL_ID', mName=导航通知, mDescription=hasDescription , mImportance=2, mBypassD
nd=false, mLockscreenVisibility=-1000, mSound=null, mLights=false, mLightColor=0, mVibration=null, mUserLockedFields=20
, mFgServiceShown=true, mVibrationEnabled=false, mShowBadge=true, mDeleted=false, mDeletedTimeMs=-1, mGroup='ROUTE', mA
udioAttributes=AudioAttributes: usage=USAGE_NOTIFICATION content=CONTENT_TYPE_SONIFICATION flags=0x800 tags= bundle=nul
l, mBlockableSystem=false, mAllowBubbles=-1, mImportanceLockedByOEM=false, mImportanceLockedDefaultApp=false, mOriginal
Imp=2, mParent=null, mConversationId=null, mDemoted=false, mImportantConvo=false}
          NotificationChannel{mId='ScreenRecorderService.Channel', mName=录屏服务, mDescription=, mImportance=4, mBypassDnd
=false, mLockscreenVisibility=-1000, mSound=content://settings/system/notification_sound, mLights=false, mLightColor=0,
 mVibration=null, mUserLockedFields=0, mFgServiceShown=true, mVibrationEnabled=false, mShowBadge=true, mDeleted=false, 
mDeletedTimeMs=-1, mGroup='null', mAudioAttributes=AudioAttributes: usage=USAGE_NOTIFICATION content=CONTENT_TYPE_SONIF
ICATION flags=0x800 tags= bundle=null, mBlockableSystem=false, mAllowBubbles=-1, mImportanceLockedByOEM=false, mImporta
nceLockedDefaultApp=false, mOriginalImp=4, mParent=null, mConversationId=null, mDemoted=false, mImportantConvo=false}
          NotificationChannelGroup{mId='ROUTE', mName=导航通知, mDescription=, mBlocked=false, mChannels=[], mUserLockedFie
lds=0}
          NotificationChannelGroup{mId='ORDER', mName=订单通知, mDescription=, mBlocked=false, mChannels=[], mUserLockedFie
lds=0}
          NotificationChannelGroup{mId='COMMON', mName=常规通知, mDescription=, mBlocked=false, mChannels=[], mUserLockedFi
elds=0}
        AppSettings: com.android.systemui (10084)
          NotificationChannel{mId='trafficnotification', mName=流量显示, mDescription=, mImportance=1, mBypassDnd=false, mL
ockscreenVisibility=-1000, mSound=content://settings/system/notification_sound, mLights=false, mLightColor=0, mVibratio
n=null, mUserLockedFields=0, mFgServiceShown=false, mVibrationEnabled=false, mShowBadge=true, mDeleted=false, mDeletedT
imeMs=-1, mGroup='null', mAudioAttributes=AudioAttributes: usage=USAGE_NOTIFICATION content=CONTENT_TYPE_SONIFICATION f
lags=0x800 tags= bundle=null, mBlockableSystem=false, mAllowBubbles=-1, mImportanceLockedByOEM=false, mImportanceLocked
DefaultApp=false, mOriginalImp=1, mParent=null, mConversationId=null, mDemoted=false, mImportantConvo=false}
          NotificationChannel{mId='ALR', mName=提醒, mDescription=, mImportance=4, mBypassDnd=false, mLockscreenVisibilit
y=-1000, mSound=content://settings/system/notification_sound, mLights=false, mLightColor=0, mVibration=null, mUserLocke
dFields=0, mFgServiceShown=false, mVibrationEnabled=false, mShowBadge=true, mDeleted=false, mDeletedTimeMs=-1, mGroup='
null', mAudioAttributes=AudioAttributes: usage=USAGE_NOTIFICATION content=CONTENT_TYPE_SONIFICATION flags=0x800 tags= b
undle=null, mBlockableSystem=false, mAllowBubbles=-1, mImportanceLockedByOEM=false, mImportanceLockedDefaultApp=false, 
mOriginalImp=4, mParent=null, mConversationId=null, mDemoted=false, mImportantConvo=false}
          NotificationChannel{mId='BAT', mName=电池, mDescription=, mImportance=5, mBypassDnd=false, mLockscreenVisibilit
y=-1000, mSound=file:///system/media/audio/ui/LowBattery.ogg, mLights=false, mLightColor=0, mVibration=null, mUserLocke
dFields=0, mFgServiceShown=false, mVibrationEnabled=false, mShowBadge=true, mDeleted=false, mDeletedTimeMs=-1, mGroup='
null', mAudioAttributes=AudioAttributes: usage=USAGE_NOTIFICATION_EVENT content=CONTENT_TYPE_SONIFICATION flags=0x800 t
ags= bundle=null, mBlockableSystem=true, mAllowBubbles=-1, mImportanceLockedByOEM=false, mImportanceLockedDefaultApp=fa
lse, mOriginalImp=5, mParent=null, mConversationId=null, mDemoted=false, mImportantConvo=false}
          NotificationChannel{mId='DSK', mName=存储空间, mDescription=, mImportance=2, mBypassDnd=false, mLockscreenVisibil
ity=-1000, mSound=content://settings/system/notification_sound, mLights=false, mLightColor=0, mVibration=null, mUserLoc
kedFields=0, mFgServiceShown=false, mVibrationEnabled=false, mShowBadge=true, mDeleted=false, mDeletedTimeMs=-1, mGroup
='null', mAudioAttributes=AudioAttributes: usage=USAGE_NOTIFICATION content=CONTENT_TYPE_SONIFICATION flags=0x800 tags=
 bundle=null, mBlockableSystem=false, mAllowBubbles=-1, mImportanceLockedByOEM=false, mImportanceLockedDefaultApp=false
, mOriginalImp=2, mParent=null, mConversationId=null, mDemoted=false, mImportantConvo=false}
          NotificationChannel{mId='FLA', mName=手电筒, mDescription=, mImportance=3, mBypassDnd=false, mLockscreenVisibili
ty=-1000, mSound=null, mLights=false, mLightColor=0, mVibration=null, mUserLockedFields=0, mFgServiceShown=false, mVibr
ationEnabled=false, mShowBadge=true, mDeleted=false, mDeletedTimeMs=-1, mGroup='null', mAudioAttributes=AudioAttributes
: usage=USAGE_NOTIFICATION content=CONTENT_TYPE_SONIFICATION flags=0x800 tags= bundle=null, mBlockableSystem=false, mAl
lowBubbles=-1, mImportanceLockedByOEM=false, mImportanceLockedDefaultApp=false, mOriginalImp=3, mParent=null, mConversa
tionId=null, mDemoted=false, mImportantConvo=false}
          NotificationChannel{mId='GEN', mName=常规消息, mDescription=, mImportance=1, mBypassDnd=false, mLockscreenVisibil
ity=-1000, mSound=content://settings/system/notification_sound, mLights=false, mLightColor=0, mVibration=null, mUserLoc
kedFields=0, mFgServiceShown=false, mVibrationEnabled=false, mShowBadge=true, mDeleted=false, mDeletedTimeMs=-1, mGroup
='null', mAudioAttributes=AudioAttributes: usage=USAGE_NOTIFICATION content=CONTENT_TYPE_SONIFICATION flags=0x800 tags=
 bundle=null, mBlockableSystem=false, mAllowBubbles=-1, mImportanceLockedByOEM=false, mImportanceLockedDefaultApp=false
, mOriginalImp=1, mParent=null, mConversationId=null, mDemoted=false, mImportantConvo=false}
          NotificationChannel{mId='HNT', mName=提示, mDescription=, mImportance=3, mBypassDnd=false, mLockscreenVisibilit
y=-1000, mSound=content://settings/system/notification_sound, mLights=false, mLightColor=0, mVibration=null, mUserLocke
dFields=0, mFgServiceShown=false, mVibrationEnabled=false, mShowBadge=true, mDeleted=false, mDeletedTimeMs=-1, mGroup='
null', mAudioAttributes=AudioAttributes: usage=USAGE_NOTIFICATION content=CONTENT_TYPE_SONIFICATION flags=0x800 tags= b
undle=null, mBlockableSystem=false, mAllowBubbles=-1, mImportanceLockedByOEM=false, mImportanceLockedDefaultApp=false, 
mOriginalImp=3, mParent=null, mConversationId=null, mDemoted=false, mImportantConvo=false}
          NotificationChannel{mId='SCN_HEADSUP', mName=屏幕截图, mDescription=, mImportance=4, mBypassDnd=false, mLockscree
nVisibility=-1000, mSound=null, mLights=false, mLightColor=0, mVibration=null, mUserLockedFields=0, mFgServiceShown=fal
se, mVibrationEnabled=false, mShowBadge=true, mDeleted=false, mDeletedTimeMs=-1, mGroup='null', mAudioAttributes=AudioA
ttributes: usage=USAGE_NOTIFICATION content=CONTENT_TYPE_UNKNOWN flags=0x800 tags= bundle=null, mBlockableSystem=true, 
mAllowBubbles=-1, mImportanceLockedByOEM=false, mImportanceLockedDefaultApp=false, mOriginalImp=4, mParent=null, mConve
rsationId=null, mDemoted=false, mImportantConvo=false}
        AppSettings: com.android.nfc (1027)
          NotificationChannel{mId='HwTagDispatchService', mName=HwTagDispatchService, mDescription=, mImportance=4, mBy
passDnd=false, mLockscreenVisibility=-1000, mSound=content://settings/system/notification_sound, mLights=false, mLightC
olor=0, mVibration=null, mUserLockedFields=0, mFgServiceShown=false, mVibrationEnabled=false, mShowBadge=true, mDeleted
=false, mDeletedTimeMs=-1, mGroup='null', mAudioAttributes=AudioAttributes: usage=USAGE_NOTIFICATION content=CONTENT_TY
PE_SONIFICATION flags=0x800 tags= bundle=null, mBlockableSystem=false, mAllowBubbles=-1, mImportanceLockedByOEM=false, 
mImportanceLockedDefaultApp=false, mOriginalImp=4, mParent=null, mConversationId=null, mDemoted=false, mImportantConvo=
false}
        AppSettings: com.hqjy.zikao.student (10208)
        AppSettings: com.google.android.youtube (10282)
          NotificationChannel{mId='generic_notifications', mName=一般通知, mDescription=, mImportance=2, mBypassDnd=false, 
mLockscreenVisibility=-1000, mSound=null, mLights=false, mLightColor=0, mVibration=null, mUserLockedFields=20, mFgServi
ceShown=false, mVibrationEnabled=false, mShowBadge=false, mDeleted=false, mDeletedTimeMs=-1, mGroup='null', mAudioAttri
butes=AudioAttributes: usage=USAGE_NOTIFICATION content=CONTENT_TYPE_SONIFICATION flags=0x800 tags= bundle=null, mBlock
ableSystem=false, mAllowBubbles=-1, mImportanceLockedByOEM=false, mImportanceLockedDefaultApp=false, mOriginalImp=2, mP
arent=null, mConversationId=null, mDemoted=false, mImportantConvo=false}
          NotificationChannel{mId='1', mName=订阅, mDescription=, mImportance=4, mBypassDnd=false, mLockscreenVisibility=
-1000, mSound=null, mLights=false, mLightColor=0, mVibration=null, mUserLockedFields=0, mFgServiceShown=false, mVibrati
onEnabled=false, mShowBadge=true, mDeleted=false, mDeletedTimeMs=-1, mGroup='null', mAudioAttributes=AudioAttributes: u
sage=USAGE_NOTIFICATION content=CONTENT_TYPE_SONIFICATION flags=0x800 tags= bundle=null, mBlockableSystem=false, mAllow
Bubbles=-1, mImportanceLockedByOEM=false, mImportanceLockedDefaultApp=false, mOriginalImp=4, mParent=null, mConversatio
nId=null, mDemoted=false, mImportantConvo=false}
          NotificationChannel{mId='2', mName=直播, mDescription=, mImportance=4, mBypassDnd=false, mLockscreenVisibility=
-1000, mSound=content://settings/system/notification_sound, mLights=false, mLightColor=0, mVibration=null, mUserLockedF
ields=0, mFgServiceShown=false, mVibrationEnabled=false, mShowBadge=true, mDeleted=false, mDeletedTimeMs=-1, mGroup='nu
ll', mAudioAttributes=AudioAttributes: usage=USAGE_NOTIFICATION content=CONTENT_TYPE_SONIFICATION flags=0x800 tags= bun
dle=null, mBlockableSystem=false, mAllowBubbles=-1, mImportanceLockedByOEM=false, mImportanceLockedDefaultApp=false, mO
riginalImp=4, mParent=null, mConversationId=null, mDemoted=false, mImportantConvo=false}
          NotificationChannel{mId='3', mName=评论和回复, mDescription=, mImportance=3, mBypassDnd=false, mLockscreenVisibili
ty=-1000, mSound=null, mLights=false, mLightColor=0, mVibration=null, mUserLockedFields=0, mFgServiceShown=false, mVibr
ationEnabled=false, mShowBadge=true, mDeleted=false, mDeletedTimeMs=-1, mGroup='null', mAudioAttributes=AudioAttributes
: usage=USAGE_NOTIFICATION content=CONTENT_TYPE_SONIFICATION flags=0x800 tags= bundle=null, mBlockableSystem=false, mAl
lowBubbles=-1, mImportanceLockedByOEM=false, mImportanceLockedDefaultApp=false, mOriginalImp=3, mParent=null, mConversa
tionId=null, mDemoted=false, mImportantConvo=false}
          NotificationChannel{mId='5', mName=推荐内容, mDescription=, mImportance=2, mBypassDnd=false, mLockscreenVisibilit
y=-1000, mSound=null, mLights=false, mLightColor=0, mVibration=null, mUserLockedFields=0, mFgServiceShown=false, mVibra
tionEnabled=false, mShowBadge=true, mDeleted=false, mDeletedTimeMs=-1, mGroup='null', mAudioAttributes=AudioAttributes:
 usage=USAGE_NOTIFICATION content=CONTENT_TYPE_SONIFICATION flags=0x800 tags= bundle=null, mBlockableSystem=false, mAll
owBubbles=-1, mImportanceLockedByOEM=false, mImportanceLockedDefaultApp=false, mOriginalImp=2, mParent=null, mConversat
ionId=null, mDemoted=false, mImportantConvo=false}
          NotificationChannel{mId='6', mName=产品最新动态, mDescription=, mImportance=2, mBypassDnd=false, mLockscreenVisibil
ity=-1000, mSound=null, mLights=false, mLightColor=0, mVibration=null, mUserLockedFields=0, mFgServiceShown=false, mVib
rationEnabled=false, mShowBadge=true, mDeleted=false, mDeletedTimeMs=-1, mGroup='null', mAudioAttributes=AudioAttribute
s: usage=USAGE_NOTIFICATION content=CONTENT_TYPE_SONIFICATION flags=0x800 tags= bundle=null, mBlockableSystem=false, mA
llowBubbles=-1, mImportanceLockedByOEM=false, mImportanceLockedDefaultApp=false, mOriginalImp=2, mParent=null, mConvers
ationId=null, mDemoted=false, mImportantConvo=false}
          NotificationChannel{mId='7', mName=锁定屏幕媒体控件, mDescription=, mImportance=2, mBypassDnd=false, mLockscreenVisib
ility=-1000, mSound=null, mLights=false, mLightColor=0, mVibration=null, mUserLockedFields=0, mFgServiceShown=false, mV
ibrationEnabled=false, mShowBadge=false, mDeleted=false, mDeletedTimeMs=-1, mGroup='null', mAudioAttributes=AudioAttrib
utes: usage=USAGE_NOTIFICATION content=CONTENT_TYPE_SONIFICATION flags=0x800 tags= bundle=null, mBlockableSystem=false,
 mAllowBubbles=-1, mImportanceLockedByOEM=false, mImportanceLockedDefaultApp=false, mOriginalImp=2, mParent=null, mConv
ersationId=null, mDemoted=false, mImportantConvo=false}
          NotificationChannel{mId='10', mName=在移动设备上搜索电视节目, mDescription=, mImportance=4, mBypassDnd=false, mLockscreen
Visibility=-1000, mSound=content://settings/system/notification_sound, mLights=false, mLightColor=0, mVibration=null, m
UserLockedFields=0, mFgServiceShown=false, mVibrationEnabled=false, mShowBadge=true, mDeleted=false, mDeletedTimeMs=-1,
 mGroup='null', mAudioAttributes=AudioAttributes: usage=USAGE_NOTIFICATION content=CONTENT_TYPE_SONIFICATION flags=0x80
0 tags= bundle=null, mBlockableSystem=false, mAllowBubbles=-1, mImportanceLockedByOEM=false, mImportanceLockedDefaultAp
p=false, mOriginalImp=4, mParent=null, mConversationId=null, mDemoted=false, mImportantConvo=false}
>       key='com.autonavi.minimap',
        numEnqueuedByApp=5,
        numPostedByApp=4,
        numUpdatedByApp=1,
        numRemovedByApp=3,
        numPeopleCacheHit=10,
        numWithStaredPeople=0,
        numWithValidPeople=0,
        numPeopleCacheMiss=0,
        numBlocked=0,
        numSuspendedByAdmin=0,
        numWithActions=0,
        numPrivate=5,
        numSecret=0,
        numInterrupt=0,
        numWithBigText=0,
        numWithBigPicture=0
        numForegroundService=5
        numOngoing=5
        numAutoCancel=0
        numWithLargeIcon=5
        numWithInbox=0
        numWithMediaSession=0
        numWithTitle=5
        numWithText=5
        numWithSubText=0
        numWithInfoText=0
        numRateViolations=0
        numAlertViolations=0
        numQuotaViolations=0
        numImagesRemoved=0



===== SAMPLE 16:59:06 =====

>     NotificationRecord(0x032554f6: pkg=com.autonavi.minimap user=UserHandle{0} id=99910001 tag=null importance=2 key=
0|com.autonavi.minimap|99910001|null|10221: Notification(channel=ROUTE_CHANNEL_ID shortcut=null contentView=null vibrat
e=null sound=null tick defaults=0x0 flags=0x62 color=0x00000000 category=navigation groupKey=ranker_group99910001 capsu
leEnableStatus=-1 vis=PRIVATE))
        uid=10221 userId=0
>       opPkg=com.autonavi.minimap
>       icon=Icon(typ=RESOURCE pkg=com.autonavi.minimap id=0x7f08096d)
        flags=0x62
        pri=0
>       key=0|com.autonavi.minimap|99910001|null|10221
        seen=false
>       groupKey=0|com.autonavi.minimap|99910001|null|10221
        notification=
              fullscreenIntent=null
>             contentIntent=PendingIntent{30c50f7: PendingIntentRecord{955f469 com.autonavi.minimap startActivity (allo
wlist: bff4549:+30s0ms/0/NOTIFICATION_SERVICE/NotificationManagerService)}}
              deleteIntent=null
              number=0
              groupAlertBehavior=0
              when=1789721304320
              tickerText=高德地图
              contentView=null
              bigContentView=null
              headsUpContentView=null
              color=0x00000000
              timeout=unknown
              extras={
                  android.title=String (高德地图)
                  android.reduced.images=Boolean (true)
                  android.subText=null
                  android.showChronometer=Boolean (false)
                  android.text=String (正在导航)
                  android.progress=Integer (0)
                  android.progressMax=Integer (0)
                  specialType=String (floating_window_notification)
>                 android.appInfo=ApplicationInfo (ApplicationInfo{2f3eb64 com.autonavi.minimap})
                  android.showWhen=Boolean (true)
                  notification_should_ringtone=Boolean (false)
                  externalChannelType=Integer (3)
                  android.largeIcon=Icon (Icon(typ=BITMAP size=102x102))
                  PopupBackgroundWindowPrevilege=Boolean (false)
                  android.infoText=null
                  topFullscreen=Boolean (false)
                  isRequestSingleLine=Boolean (false)
                  android.progressIndeterminate=Boolean (false)
                  android.remoteInputHistory=null
                  gameDndOn=Boolean (false)
>                 com.autonavi.minimap.navigating=Boolean (true)
              }
        publicNotification=
              None
        stats=SingleNotificationStats{posttimeElapsedMs=2384251038, posttimeToFirstClickMs=-1, posttimeToDismissMs=-1, 
airtimeCount=0, airtimeMs=0, currentAirtimeStartElapsedMs=-1, airtimeExpandedMs=0, posttimeToFirstVisibleExpansionMs=-1
, currentAirtimeExpandedStartElapsedMs=-1, requestedImportance=3, naturalImportance=2, isNoisy=false}
        mContactAffinity=0.0
        mRecentlyIntrusive=false
        mPackagePriority=0
        mPackageVisibility=-1000
        mSystemImportance=UNSPECIFIED
        mAsstImportance=UNSPECIFIED
        mImportance=LOW
        mImportanceExplanation=app
        mIsAppImportanceLocked=false
        mIntercept=false
        mHidden==false
        mGlobalSortKey=crtcl=0x0002:intrsv=1:grnk=0x0006:gsmry=1:nsk:rnk=0x0006
        mRankingTimeMs=1789721304320
        mCreationTimeMs=1789721303462
        mVisibleSinceMs=0
        mUpdateTimeMs=1789721304329
        mInterruptionTimeMs=1789721304329
        mSuppressedVisualEffects= 0
        mSound= null
        mVibration= null
        mAttributes= AudioAttributes: usage=USAGE_NOTIFICATION content=CONTENT_TYPE_SONIFICATION flags=0x800 tags= bund
le=null
        mLight= null
        mShowBadge=true
        mColorized=false
        mAllowBubble=false
        isBubble=false
>       AppSettings: com.autonavi.minimap (10221)
          NotificationChannel{mId='com.huawei.android.pushagent16320', mName=普通通知, mDescription=, mImportance=3, mBypas
sDnd=false, mLockscreenVisibility=-1000, mSound=content://settings/system/notification_sound, mLights=true, mLightColor
=0, mVibration=null, mUserLockedFields=0, mFgServiceShown=false, mVibrationEnabled=true, mShowBadge=true, mDeleted=fals
e, mDeletedTimeMs=-1, mGroup='null', mAudioAttributes=AudioAttributes: usage=USAGE_NOTIFICATION content=CONTENT_TYPE_SO
NIFICATION flags=0x800 tags= bundle=null, mBlockableSystem=false, mAllowBubbles=-1, mImportanceLockedByOEM=false, mImpo
rtanceLockedDefaultApp=false, mOriginalImp=3, mParent=null, mConversationId=null, mDemoted=false, mImportantConvo=false
}
          NotificationChannel{mId='COMMON_CHANNEL_ID', mName=其他通知, mDescription=hasDescription , mImportance=2, mBypass
Dnd=false, mLockscreenVisibility=-1000, mSound=null, mLights=false, mLightColor=0, mVibration=null, mUserLockedFields=2
0, mFgServiceShown=true, mVibrationEnabled=false, mShowBadge=true, mDeleted=false, mDeletedTimeMs=-1, mGroup='COMMON', 
mAudioAttributes=AudioAttributes: usage=USAGE_NOTIFICATION content=CONTENT_TYPE_SONIFICATION flags=0x800 tags= bundle=n
ull, mBlockableSystem=false, mAllowBubbles=-1, mImportanceLockedByOEM=false, mImportanceLockedDefaultApp=false, mOrigin
alImp=2, mParent=null, mConversationId=null, mDemoted=false, mImportantConvo=false}
          NotificationChannel{mId='com.huawei.android.pushagent.low62953', mName=营销通知, mDescription=, mImportance=1, mB
ypassDnd=false, mLockscreenVisibility=-1, mSound=null, mLights=false, mLightColor=0, mVibration=null, mUserLockedFields
=22, mFgServiceShown=false, mVibrationEnabled=false, mShowBadge=true, mDeleted=false, mDeletedTimeMs=-1, mGroup='null',
 mAudioAttributes=AudioAttributes: usage=USAGE_NOTIFICATION content=CONTENT_TYPE_SONIFICATION flags=0x800 tags= bundle=
null, mBlockableSystem=false, mAllowBubbles=-1, mImportanceLockedByOEM=false, mImportanceLockedDefaultApp=false, mOrigi
nalImp=1, mParent=null, mConversationId=null, mDemoted=false, mImportantConvo=false}
          NotificationChannel{mId='ORDER_CHANNEL_ID', mName=订单通知, mDescription=hasDescription , mImportance=2, mBypassD
nd=false, mLockscreenVisibility=-1000, mSound=null, mLights=false, mLightColor=0, mVibration=null, mUserLockedFields=20
, mFgServiceShown=true, mVibrationEnabled=false, mShowBadge=true, mDeleted=false, mDeletedTimeMs=-1, mGroup='ORDER', mA
udioAttributes=AudioAttributes: usage=USAGE_NOTIFICATION content=CONTENT_TYPE_SONIFICATION flags=0x800 tags= bundle=nul
l, mBlockableSystem=false, mAllowBubbles=-1, mImportanceLockedByOEM=false, mImportanceLockedDefaultApp=false, mOriginal
Imp=2, mParent=null, mConversationId=null, mDemoted=false, mImportantConvo=false}
          NotificationChannel{mId='ROUTE_CHANNEL_ID', mName=导航通知, mDescription=hasDescription , mImportance=2, mBypassD
nd=false, mLockscreenVisibility=-1000, mSound=null, mLights=false, mLightColor=0, mVibration=null, mUserLockedFields=20
, mFgServiceShown=true, mVibrationEnabled=false, mShowBadge=true, mDeleted=false, mDeletedTimeMs=-1, mGroup='ROUTE', mA
udioAttributes=AudioAttributes: usage=USAGE_NOTIFICATION content=CONTENT_TYPE_SONIFICATION flags=0x800 tags= bundle=nul
l, mBlockableSystem=false, mAllowBubbles=-1, mImportanceLockedByOEM=false, mImportanceLockedDefaultApp=false, mOriginal
Imp=2, mParent=null, mConversationId=null, mDemoted=false, mImportantConvo=false}
          NotificationChannel{mId='ScreenRecorderService.Channel', mName=录屏服务, mDescription=, mImportance=4, mBypassDnd
=false, mLockscreenVisibility=-1000, mSound=content://settings/system/notification_sound, mLights=false, mLightColor=0,
 mVibration=null, mUserLockedFields=0, mFgServiceShown=true, mVibrationEnabled=false, mShowBadge=true, mDeleted=false, 
mDeletedTimeMs=-1, mGroup='null', mAudioAttributes=AudioAttributes: usage=USAGE_NOTIFICATION content=CONTENT_TYPE_SONIF
ICATION flags=0x800 tags= bundle=null, mBlockableSystem=false, mAllowBubbles=-1, mImportanceLockedByOEM=false, mImporta
nceLockedDefaultApp=false, mOriginalImp=4, mParent=null, mConversationId=null, mDemoted=false, mImportantConvo=false}
          NotificationChannelGroup{mId='ROUTE', mName=导航通知, mDescription=, mBlocked=false, mChannels=[], mUserLockedFie
lds=0}
          NotificationChannelGroup{mId='ORDER', mName=订单通知, mDescription=, mBlocked=false, mChannels=[], mUserLockedFie
lds=0}
          NotificationChannelGroup{mId='COMMON', mName=常规通知, mDescription=, mBlocked=false, mChannels=[], mUserLockedFi
elds=0}
        AppSettings: com.android.systemui (10084)
          NotificationChannel{mId='trafficnotification', mName=流量显示, mDescription=, mImportance=1, mBypassDnd=false, mL
ockscreenVisibility=-1000, mSound=content://settings/system/notification_sound, mLights=false, mLightColor=0, mVibratio
n=null, mUserLockedFields=0, mFgServiceShown=false, mVibrationEnabled=false, mShowBadge=true, mDeleted=false, mDeletedT
imeMs=-1, mGroup='null', mAudioAttributes=AudioAttributes: usage=USAGE_NOTIFICATION content=CONTENT_TYPE_SONIFICATION f
lags=0x800 tags= bundle=null, mBlockableSystem=false, mAllowBubbles=-1, mImportanceLockedByOEM=false, mImportanceLocked
DefaultApp=false, mOriginalImp=1, mParent=null, mConversationId=null, mDemoted=false, mImportantConvo=false}
          NotificationChannel{mId='ALR', mName=提醒, mDescription=, mImportance=4, mBypassDnd=false, mLockscreenVisibilit
y=-1000, mSound=content://settings/system/notification_sound, mLights=false, mLightColor=0, mVibration=null, mUserLocke
dFields=0, mFgServiceShown=false, mVibrationEnabled=false, mShowBadge=true, mDeleted=false, mDeletedTimeMs=-1, mGroup='
null', mAudioAttributes=AudioAttributes: usage=USAGE_NOTIFICATION content=CONTENT_TYPE_SONIFICATION flags=0x800 tags= b
undle=null, mBlockableSystem=false, mAllowBubbles=-1, mImportanceLockedByOEM=false, mImportanceLockedDefaultApp=false, 
mOriginalImp=4, mParent=null, mConversationId=null, mDemoted=false, mImportantConvo=false}
          NotificationChannel{mId='BAT', mName=电池, mDescription=, mImportance=5, mBypassDnd=false, mLockscreenVisibilit
y=-1000, mSound=file:///system/media/audio/ui/LowBattery.ogg, mLights=false, mLightColor=0, mVibration=null, mUserLocke
dFields=0, mFgServiceShown=false, mVibrationEnabled=false, mShowBadge=true, mDeleted=false, mDeletedTimeMs=-1, mGroup='
null', mAudioAttributes=AudioAttributes: usage=USAGE_NOTIFICATION_EVENT content=CONTENT_TYPE_SONIFICATION flags=0x800 t
ags= bundle=null, mBlockableSystem=true, mAllowBubbles=-1, mImportanceLockedByOEM=false, mImportanceLockedDefaultApp=fa
lse, mOriginalImp=5, mParent=null, mConversationId=null, mDemoted=false, mImportantConvo=false}
          NotificationChannel{mId='DSK', mName=存储空间, mDescription=, mImportance=2, mBypassDnd=false, mLockscreenVisibil
ity=-1000, mSound=content://settings/system/notification_sound, mLights=false, mLightColor=0, mVibration=null, mUserLoc
kedFields=0, mFgServiceShown=false, mVibrationEnabled=false, mShowBadge=true, mDeleted=false, mDeletedTimeMs=-1, mGroup
='null', mAudioAttributes=AudioAttributes: usage=USAGE_NOTIFICATION content=CONTENT_TYPE_SONIFICATION flags=0x800 tags=
 bundle=null, mBlockableSystem=false, mAllowBubbles=-1, mImportanceLockedByOEM=false, mImportanceLockedDefaultApp=false
, mOriginalImp=2, mParent=null, mConversationId=null, mDemoted=false, mImportantConvo=false}
          NotificationChannel{mId='FLA', mName=手电筒, mDescription=, mImportance=3, mBypassDnd=false, mLockscreenVisibili
ty=-1000, mSound=null, mLights=false, mLightColor=0, mVibration=null, mUserLockedFields=0, mFgServiceShown=false, mVibr
ationEnabled=false, mShowBadge=true, mDeleted=false, mDeletedTimeMs=-1, mGroup='null', mAudioAttributes=AudioAttributes
: usage=USAGE_NOTIFICATION content=CONTENT_TYPE_SONIFICATION flags=0x800 tags= bundle=null, mBlockableSystem=false, mAl
lowBubbles=-1, mImportanceLockedByOEM=false, mImportanceLockedDefaultApp=false, mOriginalImp=3, mParent=null, mConversa
tionId=null, mDemoted=false, mImportantConvo=false}
          NotificationChannel{mId='GEN', mName=常规消息, mDescription=, mImportance=1, mBypassDnd=false, mLockscreenVisibil
ity=-1000, mSound=content://settings/system/notification_sound, mLights=false, mLightColor=0, mVibration=null, mUserLoc
kedFields=0, mFgServiceShown=false, mVibrationEnabled=false, mShowBadge=true, mDeleted=false, mDeletedTimeMs=-1, mGroup
='null', mAudioAttributes=AudioAttributes: usage=USAGE_NOTIFICATION content=CONTENT_TYPE_SONIFICATION flags=0x800 tags=
 bundle=null, mBlockableSystem=false, mAllowBubbles=-1, mImportanceLockedByOEM=false, mImportanceLockedDefaultApp=false
, mOriginalImp=1, mParent=null, mConversationId=null, mDemoted=false, mImportantConvo=false}
          NotificationChannel{mId='HNT', mName=提示, mDescription=, mImportance=3, mBypassDnd=false, mLockscreenVisibilit
y=-1000, mSound=content://settings/system/notification_sound, mLights=false, mLightColor=0, mVibration=null, mUserLocke
dFields=0, mFgServiceShown=false, mVibrationEnabled=false, mShowBadge=true, mDeleted=false, mDeletedTimeMs=-1, mGroup='
null', mAudioAttributes=AudioAttributes: usage=USAGE_NOTIFICATION content=CONTENT_TYPE_SONIFICATION flags=0x800 tags= b
undle=null, mBlockableSystem=false, mAllowBubbles=-1, mImportanceLockedByOEM=false, mImportanceLockedDefaultApp=false, 
mOriginalImp=3, mParent=null, mConversationId=null, mDemoted=false, mImportantConvo=false}
          NotificationChannel{mId='SCN_HEADSUP', mName=屏幕截图, mDescription=, mImportance=4, mBypassDnd=false, mLockscree
nVisibility=-1000, mSound=null, mLights=false, mLightColor=0, mVibration=null, mUserLockedFields=0, mFgServiceShown=fal
se, mVibrationEnabled=false, mShowBadge=true, mDeleted=false, mDeletedTimeMs=-1, mGroup='null', mAudioAttributes=AudioA
ttributes: usage=USAGE_NOTIFICATION content=CONTENT_TYPE_UNKNOWN flags=0x800 tags= bundle=null, mBlockableSystem=true, 
mAllowBubbles=-1, mImportanceLockedByOEM=false, mImportanceLockedDefaultApp=false, mOriginalImp=4, mParent=null, mConve
rsationId=null, mDemoted=false, mImportantConvo=false}
        AppSettings: com.android.nfc (1027)
          NotificationChannel{mId='HwTagDispatchService', mName=HwTagDispatchService, mDescription=, mImportance=4, mBy
passDnd=false, mLockscreenVisibility=-1000, mSound=content://settings/system/notification_sound, mLights=false, mLightC
olor=0, mVibration=null, mUserLockedFields=0, mFgServiceShown=false, mVibrationEnabled=false, mShowBadge=true, mDeleted
=false, mDeletedTimeMs=-1, mGroup='null', mAudioAttributes=AudioAttributes: usage=USAGE_NOTIFICATION content=CONTENT_TY
PE_SONIFICATION flags=0x800 tags= bundle=null, mBlockableSystem=false, mAllowBubbles=-1, mImportanceLockedByOEM=false, 
mImportanceLockedDefaultApp=false, mOriginalImp=4, mParent=null, mConversationId=null, mDemoted=false, mImportantConvo=
false}
        AppSettings: com.hqjy.zikao.student (10208)
        AppSettings: com.google.android.youtube (10282)
          NotificationChannel{mId='generic_notifications', mName=一般通知, mDescription=, mImportance=2, mBypassDnd=false, 
mLockscreenVisibility=-1000, mSound=null, mLights=false, mLightColor=0, mVibration=null, mUserLockedFields=20, mFgServi
ceShown=false, mVibrationEnabled=false, mShowBadge=false, mDeleted=false, mDeletedTimeMs=-1, mGroup='null', mAudioAttri
butes=AudioAttributes: usage=USAGE_NOTIFICATION content=CONTENT_TYPE_SONIFICATION flags=0x800 tags= bundle=null, mBlock
ableSystem=false, mAllowBubbles=-1, mImportanceLockedByOEM=false, mImportanceLockedDefaultApp=false, mOriginalImp=2, mP
arent=null, mConversationId=null, mDemoted=false, mImportantConvo=false}
          NotificationChannel{mId='1', mName=订阅, mDescription=, mImportance=4, mBypassDnd=false, mLockscreenVisibility=
-1000, mSound=null, mLights=false, mLightColor=0, mVibration=null, mUserLockedFields=0, mFgServiceShown=false, mVibrati
onEnabled=false, mShowBadge=true, mDeleted=false, mDeletedTimeMs=-1, mGroup='null', mAudioAttributes=AudioAttributes: u
sage=USAGE_NOTIFICATION content=CONTENT_TYPE_SONIFICATION flags=0x800 tags= bundle=null, mBlockableSystem=false, mAllow
Bubbles=-1, mImportanceLockedByOEM=false, mImportanceLockedDefaultApp=false, mOriginalImp=4, mParent=null, mConversatio
nId=null, mDemoted=false, mImportantConvo=false}
          NotificationChannel{mId='2', mName=直播, mDescription=, mImportance=4, mBypassDnd=false, mLockscreenVisibility=
-1000, mSound=content://settings/system/notification_sound, mLights=false, mLightColor=0, mVibration=null, mUserLockedF
ields=0, mFgServiceShown=false, mVibrationEnabled=false, mShowBadge=true, mDeleted=false, mDeletedTimeMs=-1, mGroup='nu
ll', mAudioAttributes=AudioAttributes: usage=USAGE_NOTIFICATION content=CONTENT_TYPE_SONIFICATION flags=0x800 tags= bun
dle=null, mBlockableSystem=false, mAllowBubbles=-1, mImportanceLockedByOEM=false, mImportanceLockedDefaultApp=false, mO
riginalImp=4, mParent=null, mConversationId=null, mDemoted=false, mImportantConvo=false}
          NotificationChannel{mId='3', mName=评论和回复, mDescription=, mImportance=3, mBypassDnd=false, mLockscreenVisibili
ty=-1000, mSound=null, mLights=false, mLightColor=0, mVibration=null, mUserLockedFields=0, mFgServiceShown=false, mVibr
ationEnabled=false, mShowBadge=true, mDeleted=false, mDeletedTimeMs=-1, mGroup='null', mAudioAttributes=AudioAttributes
: usage=USAGE_NOTIFICATION content=CONTENT_TYPE_SONIFICATION flags=0x800 tags= bundle=null, mBlockableSystem=false, mAl
lowBubbles=-1, mImportanceLockedByOEM=false, mImportanceLockedDefaultApp=false, mOriginalImp=3, mParent=null, mConversa
tionId=null, mDemoted=false, mImportantConvo=false}
          NotificationChannel{mId='5', mName=推荐内容, mDescription=, mImportance=2, mBypassDnd=false, mLockscreenVisibilit
y=-1000, mSound=null, mLights=false, mLightColor=0, mVibration=null, mUserLockedFields=0, mFgServiceShown=false, mVibra
tionEnabled=false, mShowBadge=true, mDeleted=false, mDeletedTimeMs=-1, mGroup='null', mAudioAttributes=AudioAttributes:
 usage=USAGE_NOTIFICATION content=CONTENT_TYPE_SONIFICATION flags=0x800 tags= bundle=null, mBlockableSystem=false, mAll
owBubbles=-1, mImportanceLockedByOEM=false, mImportanceLockedDefaultApp=false, mOriginalImp=2, mParent=null, mConversat
ionId=null, mDemoted=false, mImportantConvo=false}
          NotificationChannel{mId='6', mName=产品最新动态, mDescription=, mImportance=2, mBypassDnd=false, mLockscreenVisibil
ity=-1000, mSound=null, mLights=false, mLightColor=0, mVibration=null, mUserLockedFields=0, mFgServiceShown=false, mVib
rationEnabled=false, mShowBadge=true, mDeleted=false, mDeletedTimeMs=-1, mGroup='null', mAudioAttributes=AudioAttribute
s: usage=USAGE_NOTIFICATION content=CONTENT_TYPE_SONIFICATION flags=0x800 tags= bundle=null, mBlockableSystem=false, mA
llowBubbles=-1, mImportanceLockedByOEM=false, mImportanceLockedDefaultApp=false, mOriginalImp=2, mParent=null, mConvers
ationId=null, mDemoted=false, mImportantConvo=false}
          NotificationChannel{mId='7', mName=锁定屏幕媒体控件, mDescription=, mImportance=2, mBypassDnd=false, mLockscreenVisib
ility=-1000, mSound=null, mLights=false, mLightColor=0, mVibration=null, mUserLockedFields=0, mFgServiceShown=false, mV
ibrationEnabled=false, mShowBadge=false, mDeleted=false, mDeletedTimeMs=-1, mGroup='null', mAudioAttributes=AudioAttrib
utes: usage=USAGE_NOTIFICATION content=CONTENT_TYPE_SONIFICATION flags=0x800 tags= bundle=null, mBlockableSystem=false,
 mAllowBubbles=-1, mImportanceLockedByOEM=false, mImportanceLockedDefaultApp=false, mOriginalImp=2, mParent=null, mConv
ersationId=null, mDemoted=false, mImportantConvo=false}
          NotificationChannel{mId='10', mName=在移动设备上搜索电视节目, mDescription=, mImportance=4, mBypassDnd=false, mLockscreen
Visibility=-1000, mSound=content://settings/system/notification_sound, mLights=false, mLightColor=0, mVibration=null, m
UserLockedFields=0, mFgServiceShown=false, mVibrationEnabled=false, mShowBadge=true, mDeleted=false, mDeletedTimeMs=-1,
 mGroup='null', mAudioAttributes=AudioAttributes: usage=USAGE_NOTIFICATION content=CONTENT_TYPE_SONIFICATION flags=0x80
0 tags= bundle=null, mBlockableSystem=false, mAllowBubbles=-1, mImportanceLockedByOEM=false, mImportanceLockedDefaultAp
p=false, mOriginalImp=4, mParent=null, mConversationId=null, mDemoted=false, mImportantConvo=false}
>       key='com.autonavi.minimap',
        numEnqueuedByApp=5,
        numPostedByApp=4,
        numUpdatedByApp=1,
        numRemovedByApp=3,
        numPeopleCacheHit=10,
        numWithStaredPeople=0,
        numWithValidPeople=0,
        numPeopleCacheMiss=0,
        numBlocked=0,
        numSuspendedByAdmin=0,
        numWithActions=0,
        numPrivate=5,
        numSecret=0,
        numInterrupt=0,
        numWithBigText=0,
        numWithBigPicture=0
        numForegroundService=5
        numOngoing=5
        numAutoCancel=0
        numWithLargeIcon=5
        numWithInbox=0
        numWithMediaSession=0
        numWithTitle=5
        numWithText=5
        numWithSubText=0
        numWithInfoText=0
        numRateViolations=0
        numAlertViolations=0
        numQuotaViolations=0
        numImagesRemoved=0



===== SAMPLE 16:59:10 =====

>     NotificationRecord(0x032554f6: pkg=com.autonavi.minimap user=UserHandle{0} id=99910001 tag=null importance=2 key=
0|com.autonavi.minimap|99910001|null|10221: Notification(channel=ROUTE_CHANNEL_ID shortcut=null contentView=null vibrat
e=null sound=null tick defaults=0x0 flags=0x62 color=0x00000000 category=navigation groupKey=ranker_group99910001 capsu
leEnableStatus=-1 vis=PRIVATE))
        uid=10221 userId=0
>       opPkg=com.autonavi.minimap
>       icon=Icon(typ=RESOURCE pkg=com.autonavi.minimap id=0x7f08096d)
        flags=0x62
        pri=0
>       key=0|com.autonavi.minimap|99910001|null|10221
        seen=false
>       groupKey=0|com.autonavi.minimap|99910001|null|10221
        notification=
              fullscreenIntent=null
>             contentIntent=PendingIntent{30c50f7: PendingIntentRecord{955f469 com.autonavi.minimap startActivity (allo
wlist: bff4549:+30s0ms/0/NOTIFICATION_SERVICE/NotificationManagerService)}}
              deleteIntent=null
              number=0
              groupAlertBehavior=0
              when=1789721304320
              tickerText=高德地图
              contentView=null
              bigContentView=null
              headsUpContentView=null
              color=0x00000000
              timeout=unknown
              extras={
                  android.title=String (高德地图)
                  android.reduced.images=Boolean (true)
                  android.subText=null
                  android.showChronometer=Boolean (false)
                  android.text=String (正在导航)
                  android.progress=Integer (0)
                  android.progressMax=Integer (0)
                  specialType=String (floating_window_notification)
>                 android.appInfo=ApplicationInfo (ApplicationInfo{2f3eb64 com.autonavi.minimap})
                  android.showWhen=Boolean (true)
                  notification_should_ringtone=Boolean (false)
                  externalChannelType=Integer (3)
                  android.largeIcon=Icon (Icon(typ=BITMAP size=102x102))
                  PopupBackgroundWindowPrevilege=Boolean (false)
                  android.infoText=null
                  topFullscreen=Boolean (false)
                  isRequestSingleLine=Boolean (false)
                  android.progressIndeterminate=Boolean (false)
                  android.remoteInputHistory=null
                  gameDndOn=Boolean (false)
>                 com.autonavi.minimap.navigating=Boolean (true)
              }
        publicNotification=
              None
        stats=SingleNotificationStats{posttimeElapsedMs=2384251038, posttimeToFirstClickMs=-1, posttimeToDismissMs=-1, 
airtimeCount=0, airtimeMs=0, currentAirtimeStartElapsedMs=-1, airtimeExpandedMs=0, posttimeToFirstVisibleExpansionMs=-1
, currentAirtimeExpandedStartElapsedMs=-1, requestedImportance=3, naturalImportance=2, isNoisy=false}
        mContactAffinity=0.0
        mRecentlyIntrusive=false
        mPackagePriority=0
        mPackageVisibility=-1000
        mSystemImportance=UNSPECIFIED
        mAsstImportance=UNSPECIFIED
        mImportance=LOW
        mImportanceExplanation=app
        mIsAppImportanceLocked=false
        mIntercept=false
        mHidden==false
        mGlobalSortKey=crtcl=0x0002:intrsv=1:grnk=0x0006:gsmry=1:nsk:rnk=0x0006
        mRankingTimeMs=1789721304320
        mCreationTimeMs=1789721303462
        mVisibleSinceMs=0
        mUpdateTimeMs=1789721304329
        mInterruptionTimeMs=1789721304329
        mSuppressedVisualEffects= 0
        mSound= null
        mVibration= null
        mAttributes= AudioAttributes: usage=USAGE_NOTIFICATION content=CONTENT_TYPE_SONIFICATION flags=0x800 tags= bund
le=null
        mLight= null
        mShowBadge=true
        mColorized=false
        mAllowBubble=false
        isBubble=false
>       AppSettings: com.autonavi.minimap (10221)
          NotificationChannel{mId='com.huawei.android.pushagent16320', mName=普通通知, mDescription=, mImportance=3, mBypas
sDnd=false, mLockscreenVisibility=-1000, mSound=content://settings/system/notification_sound, mLights=true, mLightColor
=0, mVibration=null, mUserLockedFields=0, mFgServiceShown=false, mVibrationEnabled=true, mShowBadge=true, mDeleted=fals
e, mDeletedTimeMs=-1, mGroup='null', mAudioAttributes=AudioAttributes: usage=USAGE_NOTIFICATION content=CONTENT_TYPE_SO
NIFICATION flags=0x800 tags= bundle=null, mBlockableSystem=false, mAllowBubbles=-1, mImportanceLockedByOEM=false, mImpo
rtanceLockedDefaultApp=false, mOriginalImp=3, mParent=null, mConversationId=null, mDemoted=false, mImportantConvo=false
}
          NotificationChannel{mId='COMMON_CHANNEL_ID', mName=其他通知, mDescription=hasDescription , mImportance=2, mBypass
Dnd=false, mLockscreenVisibility=-1000, mSound=null, mLights=false, mLightColor=0, mVibration=null, mUserLockedFields=2
0, mFgServiceShown=true, mVibrationEnabled=false, mShowBadge=true, mDeleted=false, mDeletedTimeMs=-1, mGroup='COMMON', 
mAudioAttributes=AudioAttributes: usage=USAGE_NOTIFICATION content=CONTENT_TYPE_SONIFICATION flags=0x800 tags= bundle=n
ull, mBlockableSystem=false, mAllowBubbles=-1, mImportanceLockedByOEM=false, mImportanceLockedDefaultApp=false, mOrigin
alImp=2, mParent=null, mConversationId=null, mDemoted=false, mImportantConvo=false}
          NotificationChannel{mId='com.huawei.android.pushagent.low62953', mName=营销通知, mDescription=, mImportance=1, mB
ypassDnd=false, mLockscreenVisibility=-1, mSound=null, mLights=false, mLightColor=0, mVibration=null, mUserLockedFields
=22, mFgServiceShown=false, mVibrationEnabled=false, mShowBadge=true, mDeleted=false, mDeletedTimeMs=-1, mGroup='null',
 mAudioAttributes=AudioAttributes: usage=USAGE_NOTIFICATION content=CONTENT_TYPE_SONIFICATION flags=0x800 tags= bundle=
null, mBlockableSystem=false, mAllowBubbles=-1, mImportanceLockedByOEM=false, mImportanceLockedDefaultApp=false, mOrigi
nalImp=1, mParent=null, mConversationId=null, mDemoted=false, mImportantConvo=false}
          NotificationChannel{mId='ORDER_CHANNEL_ID', mName=订单通知, mDescription=hasDescription , mImportance=2, mBypassD
nd=false, mLockscreenVisibility=-1000, mSound=null, mLights=false, mLightColor=0, mVibration=null, mUserLockedFields=20
, mFgServiceShown=true, mVibrationEnabled=false, mShowBadge=true, mDeleted=false, mDeletedTimeMs=-1, mGroup='ORDER', mA
udioAttributes=AudioAttributes: usage=USAGE_NOTIFICATION content=CONTENT_TYPE_SONIFICATION flags=0x800 tags= bundle=nul
l, mBlockableSystem=false, mAllowBubbles=-1, mImportanceLockedByOEM=false, mImportanceLockedDefaultApp=false, mOriginal
Imp=2, mParent=null, mConversationId=null, mDemoted=false, mImportantConvo=false}
          NotificationChannel{mId='ROUTE_CHANNEL_ID', mName=导航通知, mDescription=hasDescription , mImportance=2, mBypassD
nd=false, mLockscreenVisibility=-1000, mSound=null, mLights=false, mLightColor=0, mVibration=null, mUserLockedFields=20
, mFgServiceShown=true, mVibrationEnabled=false, mShowBadge=true, mDeleted=false, mDeletedTimeMs=-1, mGroup='ROUTE', mA
udioAttributes=AudioAttributes: usage=USAGE_NOTIFICATION content=CONTENT_TYPE_SONIFICATION flags=0x800 tags= bundle=nul
l, mBlockableSystem=false, mAllowBubbles=-1, mImportanceLockedByOEM=false, mImportanceLockedDefaultApp=false, mOriginal
Imp=2, mParent=null, mConversationId=null, mDemoted=false, mImportantConvo=false}
          NotificationChannel{mId='ScreenRecorderService.Channel', mName=录屏服务, mDescription=, mImportance=4, mBypassDnd
=false, mLockscreenVisibility=-1000, mSound=content://settings/system/notification_sound, mLights=false, mLightColor=0,
 mVibration=null, mUserLockedFields=0, mFgServiceShown=true, mVibrationEnabled=false, mShowBadge=true, mDeleted=false, 
mDeletedTimeMs=-1, mGroup='null', mAudioAttributes=AudioAttributes: usage=USAGE_NOTIFICATION content=CONTENT_TYPE_SONIF
ICATION flags=0x800 tags= bundle=null, mBlockableSystem=false, mAllowBubbles=-1, mImportanceLockedByOEM=false, mImporta
nceLockedDefaultApp=false, mOriginalImp=4, mParent=null, mConversationId=null, mDemoted=false, mImportantConvo=false}
          NotificationChannelGroup{mId='ROUTE', mName=导航通知, mDescription=, mBlocked=false, mChannels=[], mUserLockedFie
lds=0}
          NotificationChannelGroup{mId='ORDER', mName=订单通知, mDescription=, mBlocked=false, mChannels=[], mUserLockedFie
lds=0}
          NotificationChannelGroup{mId='COMMON', mName=常规通知, mDescription=, mBlocked=false, mChannels=[], mUserLockedFi
elds=0}
        AppSettings: com.android.systemui (10084)
          NotificationChannel{mId='trafficnotification', mName=流量显示, mDescription=, mImportance=1, mBypassDnd=false, mL
ockscreenVisibility=-1000, mSound=content://settings/system/notification_sound, mLights=false, mLightColor=0, mVibratio
n=null, mUserLockedFields=0, mFgServiceShown=false, mVibrationEnabled=false, mShowBadge=true, mDeleted=false, mDeletedT
imeMs=-1, mGroup='null', mAudioAttributes=AudioAttributes: usage=USAGE_NOTIFICATION content=CONTENT_TYPE_SONIFICATION f
lags=0x800 tags= bundle=null, mBlockableSystem=false, mAllowBubbles=-1, mImportanceLockedByOEM=false, mImportanceLocked
DefaultApp=false, mOriginalImp=1, mParent=null, mConversationId=null, mDemoted=false, mImportantConvo=false}
          NotificationChannel{mId='ALR', mName=提醒, mDescription=, mImportance=4, mBypassDnd=false, mLockscreenVisibilit
y=-1000, mSound=content://settings/system/notification_sound, mLights=false, mLightColor=0, mVibration=null, mUserLocke
dFields=0, mFgServiceShown=false, mVibrationEnabled=false, mShowBadge=true, mDeleted=false, mDeletedTimeMs=-1, mGroup='
null', mAudioAttributes=AudioAttributes: usage=USAGE_NOTIFICATION content=CONTENT_TYPE_SONIFICATION flags=0x800 tags= b
undle=null, mBlockableSystem=false, mAllowBubbles=-1, mImportanceLockedByOEM=false, mImportanceLockedDefaultApp=false, 
mOriginalImp=4, mParent=null, mConversationId=null, mDemoted=false, mImportantConvo=false}
          NotificationChannel{mId='BAT', mName=电池, mDescription=, mImportance=5, mBypassDnd=false, mLockscreenVisibilit
y=-1000, mSound=file:///system/media/audio/ui/LowBattery.ogg, mLights=false, mLightColor=0, mVibration=null, mUserLocke
dFields=0, mFgServiceShown=false, mVibrationEnabled=false, mShowBadge=true, mDeleted=false, mDeletedTimeMs=-1, mGroup='
null', mAudioAttributes=AudioAttributes: usage=USAGE_NOTIFICATION_EVENT content=CONTENT_TYPE_SONIFICATION flags=0x800 t
ags= bundle=null, mBlockableSystem=true, mAllowBubbles=-1, mImportanceLockedByOEM=false, mImportanceLockedDefaultApp=fa
lse, mOriginalImp=5, mParent=null, mConversationId=null, mDemoted=false, mImportantConvo=false}
          NotificationChannel{mId='DSK', mName=存储空间, mDescription=, mImportance=2, mBypassDnd=false, mLockscreenVisibil
ity=-1000, mSound=content://settings/system/notification_sound, mLights=false, mLightColor=0, mVibration=null, mUserLoc
kedFields=0, mFgServiceShown=false, mVibrationEnabled=false, mShowBadge=true, mDeleted=false, mDeletedTimeMs=-1, mGroup
='null', mAudioAttributes=AudioAttributes: usage=USAGE_NOTIFICATION content=CONTENT_TYPE_SONIFICATION flags=0x800 tags=
 bundle=null, mBlockableSystem=false, mAllowBubbles=-1, mImportanceLockedByOEM=false, mImportanceLockedDefaultApp=false
, mOriginalImp=2, mParent=null, mConversationId=null, mDemoted=false, mImportantConvo=false}
          NotificationChannel{mId='FLA', mName=手电筒, mDescription=, mImportance=3, mBypassDnd=false, mLockscreenVisibili
ty=-1000, mSound=null, mLights=false, mLightColor=0, mVibration=null, mUserLockedFields=0, mFgServiceShown=false, mVibr
ationEnabled=false, mShowBadge=true, mDeleted=false, mDeletedTimeMs=-1, mGroup='null', mAudioAttributes=AudioAttributes
: usage=USAGE_NOTIFICATION content=CONTENT_TYPE_SONIFICATION flags=0x800 tags= bundle=null, mBlockableSystem=false, mAl
lowBubbles=-1, mImportanceLockedByOEM=false, mImportanceLockedDefaultApp=false, mOriginalImp=3, mParent=null, mConversa
tionId=null, mDemoted=false, mImportantConvo=false}
          NotificationChannel{mId='GEN', mName=常规消息, mDescription=, mImportance=1, mBypassDnd=false, mLockscreenVisibil
ity=-1000, mSound=content://settings/system/notification_sound, mLights=false, mLightColor=0, mVibration=null, mUserLoc
kedFields=0, mFgServiceShown=false, mVibrationEnabled=false, mShowBadge=true, mDeleted=false, mDeletedTimeMs=-1, mGroup
='null', mAudioAttributes=AudioAttributes: usage=USAGE_NOTIFICATION content=CONTENT_TYPE_SONIFICATION flags=0x800 tags=
 bundle=null, mBlockableSystem=false, mAllowBubbles=-1, mImportanceLockedByOEM=false, mImportanceLockedDefaultApp=false
, mOriginalImp=1, mParent=null, mConversationId=null, mDemoted=false, mImportantConvo=false}
          NotificationChannel{mId='HNT', mName=提示, mDescription=, mImportance=3, mBypassDnd=false, mLockscreenVisibilit
y=-1000, mSound=content://settings/system/notification_sound, mLights=false, mLightColor=0, mVibration=null, mUserLocke
dFields=0, mFgServiceShown=false, mVibrationEnabled=false, mShowBadge=true, mDeleted=false, mDeletedTimeMs=-1, mGroup='
null', mAudioAttributes=AudioAttributes: usage=USAGE_NOTIFICATION content=CONTENT_TYPE_SONIFICATION flags=0x800 tags= b
undle=null, mBlockableSystem=false, mAllowBubbles=-1, mImportanceLockedByOEM=false, mImportanceLockedDefaultApp=false, 
mOriginalImp=3, mParent=null, mConversationId=null, mDemoted=false, mImportantConvo=false}
          NotificationChannel{mId='SCN_HEADSUP', mName=屏幕截图, mDescription=, mImportance=4, mBypassDnd=false, mLockscree
nVisibility=-1000, mSound=null, mLights=false, mLightColor=0, mVibration=null, mUserLockedFields=0, mFgServiceShown=fal
se, mVibrationEnabled=false, mShowBadge=true, mDeleted=false, mDeletedTimeMs=-1, mGroup='null', mAudioAttributes=AudioA
ttributes: usage=USAGE_NOTIFICATION content=CONTENT_TYPE_UNKNOWN flags=0x800 tags= bundle=null, mBlockableSystem=true, 
mAllowBubbles=-1, mImportanceLockedByOEM=false, mImportanceLockedDefaultApp=false, mOriginalImp=4, mParent=null, mConve
rsationId=null, mDemoted=false, mImportantConvo=false}
        AppSettings: com.android.nfc (1027)
          NotificationChannel{mId='HwTagDispatchService', mName=HwTagDispatchService, mDescription=, mImportance=4, mBy
passDnd=false, mLockscreenVisibility=-1000, mSound=content://settings/system/notification_sound, mLights=false, mLightC
olor=0, mVibration=null, mUserLockedFields=0, mFgServiceShown=false, mVibrationEnabled=false, mShowBadge=true, mDeleted
=false, mDeletedTimeMs=-1, mGroup='null', mAudioAttributes=AudioAttributes: usage=USAGE_NOTIFICATION content=CONTENT_TY
PE_SONIFICATION flags=0x800 tags= bundle=null, mBlockableSystem=false, mAllowBubbles=-1, mImportanceLockedByOEM=false, 
mImportanceLockedDefaultApp=false, mOriginalImp=4, mParent=null, mConversationId=null, mDemoted=false, mImportantConvo=
false}
        AppSettings: com.hqjy.zikao.student (10208)
        AppSettings: com.google.android.youtube (10282)
          NotificationChannel{mId='generic_notifications', mName=一般通知, mDescription=, mImportance=2, mBypassDnd=false, 
mLockscreenVisibility=-1000, mSound=null, mLights=false, mLightColor=0, mVibration=null, mUserLockedFields=20, mFgServi
ceShown=false, mVibrationEnabled=false, mShowBadge=false, mDeleted=false, mDeletedTimeMs=-1, mGroup='null', mAudioAttri
butes=AudioAttributes: usage=USAGE_NOTIFICATION content=CONTENT_TYPE_SONIFICATION flags=0x800 tags= bundle=null, mBlock
ableSystem=false, mAllowBubbles=-1, mImportanceLockedByOEM=false, mImportanceLockedDefaultApp=false, mOriginalImp=2, mP
arent=null, mConversationId=null, mDemoted=false, mImportantConvo=false}
          NotificationChannel{mId='1', mName=订阅, mDescription=, mImportance=4, mBypassDnd=false, mLockscreenVisibility=
-1000, mSound=null, mLights=false, mLightColor=0, mVibration=null, mUserLockedFields=0, mFgServiceShown=false, mVibrati
onEnabled=false, mShowBadge=true, mDeleted=false, mDeletedTimeMs=-1, mGroup='null', mAudioAttributes=AudioAttributes: u
sage=USAGE_NOTIFICATION content=CONTENT_TYPE_SONIFICATION flags=0x800 tags= bundle=null, mBlockableSystem=false, mAllow
Bubbles=-1, mImportanceLockedByOEM=false, mImportanceLockedDefaultApp=false, mOriginalImp=4, mParent=null, mConversatio
nId=null, mDemoted=false, mImportantConvo=false}
          NotificationChannel{mId='2', mName=直播, mDescription=, mImportance=4, mBypassDnd=false, mLockscreenVisibility=
-1000, mSound=content://settings/system/notification_sound, mLights=false, mLightColor=0, mVibration=null, mUserLockedF
ields=0, mFgServiceShown=false, mVibrationEnabled=false, mShowBadge=true, mDeleted=false, mDeletedTimeMs=-1, mGroup='nu
ll', mAudioAttributes=AudioAttributes: usage=USAGE_NOTIFICATION content=CONTENT_TYPE_SONIFICATION flags=0x800 tags= bun
dle=null, mBlockableSystem=false, mAllowBubbles=-1, mImportanceLockedByOEM=false, mImportanceLockedDefaultApp=false, mO
riginalImp=4, mParent=null, mConversationId=null, mDemoted=false, mImportantConvo=false}
          NotificationChannel{mId='3', mName=评论和回复, mDescription=, mImportance=3, mBypassDnd=false, mLockscreenVisibili
ty=-1000, mSound=null, mLights=false, mLightColor=0, mVibration=null, mUserLockedFields=0, mFgServiceShown=false, mVibr
ationEnabled=false, mShowBadge=true, mDeleted=false, mDeletedTimeMs=-1, mGroup='null', mAudioAttributes=AudioAttributes
: usage=USAGE_NOTIFICATION content=CONTENT_TYPE_SONIFICATION flags=0x800 tags= bundle=null, mBlockableSystem=false, mAl
lowBubbles=-1, mImportanceLockedByOEM=false, mImportanceLockedDefaultApp=false, mOriginalImp=3, mParent=null, mConversa
tionId=null, mDemoted=false, mImportantConvo=false}
          NotificationChannel{mId='5', mName=推荐内容, mDescription=, mImportance=2, mBypassDnd=false, mLockscreenVisibilit
y=-1000, mSound=null, mLights=false, mLightColor=0, mVibration=null, mUserLockedFields=0, mFgServiceShown=false, mVibra
tionEnabled=false, mShowBadge=true, mDeleted=false, mDeletedTimeMs=-1, mGroup='null', mAudioAttributes=AudioAttributes:
 usage=USAGE_NOTIFICATION content=CONTENT_TYPE_SONIFICATION flags=0x800 tags= bundle=null, mBlockableSystem=false, mAll
owBubbles=-1, mImportanceLockedByOEM=false, mImportanceLockedDefaultApp=false, mOriginalImp=2, mParent=null, mConversat
ionId=null, mDemoted=false, mImportantConvo=false}
          NotificationChannel{mId='6', mName=产品最新动态, mDescription=, mImportance=2, mBypassDnd=false, mLockscreenVisibil
ity=-1000, mSound=null, mLights=false, mLightColor=0, mVibration=null, mUserLockedFields=0, mFgServiceShown=false, mVib
rationEnabled=false, mShowBadge=true, mDeleted=false, mDeletedTimeMs=-1, mGroup='null', mAudioAttributes=AudioAttribute
s: usage=USAGE_NOTIFICATION content=CONTENT_TYPE_SONIFICATION flags=0x800 tags= bundle=null, mBlockableSystem=false, mA
llowBubbles=-1, mImportanceLockedByOEM=false, mImportanceLockedDefaultApp=false, mOriginalImp=2, mParent=null, mConvers
ationId=null, mDemoted=false, mImportantConvo=false}
          NotificationChannel{mId='7', mName=锁定屏幕媒体控件, mDescription=, mImportance=2, mBypassDnd=false, mLockscreenVisib
ility=-1000, mSound=null, mLights=false, mLightColor=0, mVibration=null, mUserLockedFields=0, mFgServiceShown=false, mV
ibrationEnabled=false, mShowBadge=false, mDeleted=false, mDeletedTimeMs=-1, mGroup='null', mAudioAttributes=AudioAttrib
utes: usage=USAGE_NOTIFICATION content=CONTENT_TYPE_SONIFICATION flags=0x800 tags= bundle=null, mBlockableSystem=false,
 mAllowBubbles=-1, mImportanceLockedByOEM=false, mImportanceLockedDefaultApp=false, mOriginalImp=2, mParent=null, mConv
ersationId=null, mDemoted=false, mImportantConvo=false}
          NotificationChannel{mId='10', mName=在移动设备上搜索电视节目, mDescription=, mImportance=4, mBypassDnd=false, mLockscreen
Visibility=-1000, mSound=content://settings/system/notification_sound, mLights=false, mLightColor=0, mVibration=null, m
UserLockedFields=0, mFgServiceShown=false, mVibrationEnabled=false, mShowBadge=true, mDeleted=false, mDeletedTimeMs=-1,
 mGroup='null', mAudioAttributes=AudioAttributes: usage=USAGE_NOTIFICATION content=CONTENT_TYPE_SONIFICATION flags=0x80
0 tags= bundle=null, mBlockableSystem=false, mAllowBubbles=-1, mImportanceLockedByOEM=false, mImportanceLockedDefaultAp
p=false, mOriginalImp=4, mParent=null, mConversationId=null, mDemoted=false, mImportantConvo=false}
>       key='com.autonavi.minimap',
        numEnqueuedByApp=5,
        numPostedByApp=4,
        numUpdatedByApp=1,
        numRemovedByApp=3,
        numPeopleCacheHit=10,
        numWithStaredPeople=0,
        numWithValidPeople=0,
        numPeopleCacheMiss=0,
        numBlocked=0,
        numSuspendedByAdmin=0,
        numWithActions=0,
        numPrivate=5,
        numSecret=0,
        numInterrupt=0,
        numWithBigText=0,
        numWithBigPicture=0
        numForegroundService=5
        numOngoing=5
        numAutoCancel=0
        numWithLargeIcon=5
        numWithInbox=0
        numWithMediaSession=0
        numWithTitle=5
        numWithText=5
        numWithSubText=0
        numWithInfoText=0
        numRateViolations=0
        numAlertViolations=0
        numQuotaViolations=0
        numImagesRemoved=0



===== SAMPLE 16:59:13 =====

>     NotificationRecord(0x032554f6: pkg=com.autonavi.minimap user=UserHandle{0} id=99910001 tag=null importance=2 key=
0|com.autonavi.minimap|99910001|null|10221: Notification(channel=ROUTE_CHANNEL_ID shortcut=null contentView=null vibrat
e=null sound=null tick defaults=0x0 flags=0x62 color=0x00000000 category=navigation groupKey=ranker_group99910001 capsu
leEnableStatus=-1 vis=PRIVATE))
        uid=10221 userId=0
>       opPkg=com.autonavi.minimap
>       icon=Icon(typ=RESOURCE pkg=com.autonavi.minimap id=0x7f08096d)
        flags=0x62
        pri=0
>       key=0|com.autonavi.minimap|99910001|null|10221
        seen=false
>       groupKey=0|com.autonavi.minimap|99910001|null|10221
        notification=
              fullscreenIntent=null
>             contentIntent=PendingIntent{30c50f7: PendingIntentRecord{955f469 com.autonavi.minimap startActivity (allo
wlist: bff4549:+30s0ms/0/NOTIFICATION_SERVICE/NotificationManagerService)}}
              deleteIntent=null
              number=0
              groupAlertBehavior=0
              when=1789721304320
              tickerText=高德地图
              contentView=null
              bigContentView=null
              headsUpContentView=null
              color=0x00000000
              timeout=unknown
              extras={
                  android.title=String (高德地图)
                  android.reduced.images=Boolean (true)
                  android.subText=null
                  android.showChronometer=Boolean (false)
                  android.text=String (正在导航)
                  android.progress=Integer (0)
                  android.progressMax=Integer (0)
                  specialType=String (floating_window_notification)
>                 android.appInfo=ApplicationInfo (ApplicationInfo{2f3eb64 com.autonavi.minimap})
                  android.showWhen=Boolean (true)
                  notification_should_ringtone=Boolean (false)
                  externalChannelType=Integer (3)
                  android.largeIcon=Icon (Icon(typ=BITMAP size=102x102))
                  PopupBackgroundWindowPrevilege=Boolean (false)
                  android.infoText=null
                  topFullscreen=Boolean (false)
                  isRequestSingleLine=Boolean (false)
                  android.progressIndeterminate=Boolean (false)
                  android.remoteInputHistory=null
                  gameDndOn=Boolean (false)
>                 com.autonavi.minimap.navigating=Boolean (true)
              }
        publicNotification=
              None
        stats=SingleNotificationStats{posttimeElapsedMs=2384251038, posttimeToFirstClickMs=-1, posttimeToDismissMs=-1, 
airtimeCount=0, airtimeMs=0, currentAirtimeStartElapsedMs=-1, airtimeExpandedMs=0, posttimeToFirstVisibleExpansionMs=-1
, currentAirtimeExpandedStartElapsedMs=-1, requestedImportance=3, naturalImportance=2, isNoisy=false}
        mContactAffinity=0.0
        mRecentlyIntrusive=false
        mPackagePriority=0
        mPackageVisibility=-1000
        mSystemImportance=UNSPECIFIED
        mAsstImportance=UNSPECIFIED
        mImportance=LOW
        mImportanceExplanation=app
        mIsAppImportanceLocked=false
        mIntercept=false
        mHidden==false
        mGlobalSortKey=crtcl=0x0002:intrsv=1:grnk=0x0006:gsmry=1:nsk:rnk=0x0006
        mRankingTimeMs=1789721304320
        mCreationTimeMs=1789721303462
        mVisibleSinceMs=0
        mUpdateTimeMs=1789721304329
        mInterruptionTimeMs=1789721304329
        mSuppressedVisualEffects= 0
        mSound= null
        mVibration= null
        mAttributes= AudioAttributes: usage=USAGE_NOTIFICATION content=CONTENT_TYPE_SONIFICATION flags=0x800 tags= bund
le=null
        mLight= null
        mShowBadge=true
        mColorized=false
        mAllowBubble=false
        isBubble=false
>       AppSettings: com.autonavi.minimap (10221)
          NotificationChannel{mId='com.huawei.android.pushagent16320', mName=普通通知, mDescription=, mImportance=3, mBypas
sDnd=false, mLockscreenVisibility=-1000, mSound=content://settings/system/notification_sound, mLights=true, mLightColor
=0, mVibration=null, mUserLockedFields=0, mFgServiceShown=false, mVibrationEnabled=true, mShowBadge=true, mDeleted=fals
e, mDeletedTimeMs=-1, mGroup='null', mAudioAttributes=AudioAttributes: usage=USAGE_NOTIFICATION content=CONTENT_TYPE_SO
NIFICATION flags=0x800 tags= bundle=null, mBlockableSystem=false, mAllowBubbles=-1, mImportanceLockedByOEM=false, mImpo
rtanceLockedDefaultApp=false, mOriginalImp=3, mParent=null, mConversationId=null, mDemoted=false, mImportantConvo=false
}
          NotificationChannel{mId='COMMON_CHANNEL_ID', mName=其他通知, mDescription=hasDescription , mImportance=2, mBypass
Dnd=false, mLockscreenVisibility=-1000, mSound=null, mLights=false, mLightColor=0, mVibration=null, mUserLockedFields=2
0, mFgServiceShown=true, mVibrationEnabled=false, mShowBadge=true, mDeleted=false, mDeletedTimeMs=-1, mGroup='COMMON', 
mAudioAttributes=AudioAttributes: usage=USAGE_NOTIFICATION content=CONTENT_TYPE_SONIFICATION flags=0x800 tags= bundle=n
ull, mBlockableSystem=false, mAllowBubbles=-1, mImportanceLockedByOEM=false, mImportanceLockedDefaultApp=false, mOrigin
alImp=2, mParent=null, mConversationId=null, mDemoted=false, mImportantConvo=false}
          NotificationChannel{mId='com.huawei.android.pushagent.low62953', mName=营销通知, mDescription=, mImportance=1, mB
ypassDnd=false, mLockscreenVisibility=-1, mSound=null, mLights=false, mLightColor=0, mVibration=null, mUserLockedFields
=22, mFgServiceShown=false, mVibrationEnabled=false, mShowBadge=true, mDeleted=false, mDeletedTimeMs=-1, mGroup='null',
 mAudioAttributes=AudioAttributes: usage=USAGE_NOTIFICATION content=CONTENT_TYPE_SONIFICATION flags=0x800 tags= bundle=
null, mBlockableSystem=false, mAllowBubbles=-1, mImportanceLockedByOEM=false, mImportanceLockedDefaultApp=false, mOrigi
nalImp=1, mParent=null, mConversationId=null, mDemoted=false, mImportantConvo=false}
          NotificationChannel{mId='ORDER_CHANNEL_ID', mName=订单通知, mDescription=hasDescription , mImportance=2, mBypassD
nd=false, mLockscreenVisibility=-1000, mSound=null, mLights=false, mLightColor=0, mVibration=null, mUserLockedFields=20
, mFgServiceShown=true, mVibrationEnabled=false, mShowBadge=true, mDeleted=false, mDeletedTimeMs=-1, mGroup='ORDER', mA
udioAttributes=AudioAttributes: usage=USAGE_NOTIFICATION content=CONTENT_TYPE_SONIFICATION flags=0x800 tags= bundle=nul
l, mBlockableSystem=false, mAllowBubbles=-1, mImportanceLockedByOEM=false, mImportanceLockedDefaultApp=false, mOriginal
Imp=2, mParent=null, mConversationId=null, mDemoted=false, mImportantConvo=false}
          NotificationChannel{mId='ROUTE_CHANNEL_ID', mName=导航通知, mDescription=hasDescription , mImportance=2, mBypassD
nd=false, mLockscreenVisibility=-1000, mSound=null, mLights=false, mLightColor=0, mVibration=null, mUserLockedFields=20
, mFgServiceShown=true, mVibrationEnabled=false, mShowBadge=true, mDeleted=false, mDeletedTimeMs=-1, mGroup='ROUTE', mA
udioAttributes=AudioAttributes: usage=USAGE_NOTIFICATION content=CONTENT_TYPE_SONIFICATION flags=0x800 tags= bundle=nul
l, mBlockableSystem=false, mAllowBubbles=-1, mImportanceLockedByOEM=false, mImportanceLockedDefaultApp=false, mOriginal
Imp=2, mParent=null, mConversationId=null, mDemoted=false, mImportantConvo=false}
          NotificationChannel{mId='ScreenRecorderService.Channel', mName=录屏服务, mDescription=, mImportance=4, mBypassDnd
=false, mLockscreenVisibility=-1000, mSound=content://settings/system/notification_sound, mLights=false, mLightColor=0,
 mVibration=null, mUserLockedFields=0, mFgServiceShown=true, mVibrationEnabled=false, mShowBadge=true, mDeleted=false, 
mDeletedTimeMs=-1, mGroup='null', mAudioAttributes=AudioAttributes: usage=USAGE_NOTIFICATION content=CONTENT_TYPE_SONIF
ICATION flags=0x800 tags= bundle=null, mBlockableSystem=false, mAllowBubbles=-1, mImportanceLockedByOEM=false, mImporta
nceLockedDefaultApp=false, mOriginalImp=4, mParent=null, mConversationId=null, mDemoted=false, mImportantConvo=false}
          NotificationChannelGroup{mId='ROUTE', mName=导航通知, mDescription=, mBlocked=false, mChannels=[], mUserLockedFie
lds=0}
          NotificationChannelGroup{mId='ORDER', mName=订单通知, mDescription=, mBlocked=false, mChannels=[], mUserLockedFie
lds=0}
          NotificationChannelGroup{mId='COMMON', mName=常规通知, mDescription=, mBlocked=false, mChannels=[], mUserLockedFi
elds=0}
        AppSettings: com.android.systemui (10084)
          NotificationChannel{mId='trafficnotification', mName=流量显示, mDescription=, mImportance=1, mBypassDnd=false, mL
ockscreenVisibility=-1000, mSound=content://settings/system/notification_sound, mLights=false, mLightColor=0, mVibratio
n=null, mUserLockedFields=0, mFgServiceShown=false, mVibrationEnabled=false, mShowBadge=true, mDeleted=false, mDeletedT
imeMs=-1, mGroup='null', mAudioAttributes=AudioAttributes: usage=USAGE_NOTIFICATION content=CONTENT_TYPE_SONIFICATION f
lags=0x800 tags= bundle=null, mBlockableSystem=false, mAllowBubbles=-1, mImportanceLockedByOEM=false, mImportanceLocked
DefaultApp=false, mOriginalImp=1, mParent=null, mConversationId=null, mDemoted=false, mImportantConvo=false}
          NotificationChannel{mId='ALR', mName=提醒, mDescription=, mImportance=4, mBypassDnd=false, mLockscreenVisibilit
y=-1000, mSound=content://settings/system/notification_sound, mLights=false, mLightColor=0, mVibration=null, mUserLocke
dFields=0, mFgServiceShown=false, mVibrationEnabled=false, mShowBadge=true, mDeleted=false, mDeletedTimeMs=-1, mGroup='
null', mAudioAttributes=AudioAttributes: usage=USAGE_NOTIFICATION content=CONTENT_TYPE_SONIFICATION flags=0x800 tags= b
undle=null, mBlockableSystem=false, mAllowBubbles=-1, mImportanceLockedByOEM=false, mImportanceLockedDefaultApp=false, 
mOriginalImp=4, mParent=null, mConversationId=null, mDemoted=false, mImportantConvo=false}
          NotificationChannel{mId='BAT', mName=电池, mDescription=, mImportance=5, mBypassDnd=false, mLockscreenVisibilit
y=-1000, mSound=file:///system/media/audio/ui/LowBattery.ogg, mLights=false, mLightColor=0, mVibration=null, mUserLocke
dFields=0, mFgServiceShown=false, mVibrationEnabled=false, mShowBadge=true, mDeleted=false, mDeletedTimeMs=-1, mGroup='
null', mAudioAttributes=AudioAttributes: usage=USAGE_NOTIFICATION_EVENT content=CONTENT_TYPE_SONIFICATION flags=0x800 t
ags= bundle=null, mBlockableSystem=true, mAllowBubbles=-1, mImportanceLockedByOEM=false, mImportanceLockedDefaultApp=fa
lse, mOriginalImp=5, mParent=null, mConversationId=null, mDemoted=false, mImportantConvo=false}
          NotificationChannel{mId='DSK', mName=存储空间, mDescription=, mImportance=2, mBypassDnd=false, mLockscreenVisibil
ity=-1000, mSound=content://settings/system/notification_sound, mLights=false, mLightColor=0, mVibration=null, mUserLoc
kedFields=0, mFgServiceShown=false, mVibrationEnabled=false, mShowBadge=true, mDeleted=false, mDeletedTimeMs=-1, mGroup
='null', mAudioAttributes=AudioAttributes: usage=USAGE_NOTIFICATION content=CONTENT_TYPE_SONIFICATION flags=0x800 tags=
 bundle=null, mBlockableSystem=false, mAllowBubbles=-1, mImportanceLockedByOEM=false, mImportanceLockedDefaultApp=false
, mOriginalImp=2, mParent=null, mConversationId=null, mDemoted=false, mImportantConvo=false}
          NotificationChannel{mId='FLA', mName=手电筒, mDescription=, mImportance=3, mBypassDnd=false, mLockscreenVisibili
ty=-1000, mSound=null, mLights=false, mLightColor=0, mVibration=null, mUserLockedFields=0, mFgServiceShown=false, mVibr
ationEnabled=false, mShowBadge=true, mDeleted=false, mDeletedTimeMs=-1, mGroup='null', mAudioAttributes=AudioAttributes
: usage=USAGE_NOTIFICATION content=CONTENT_TYPE_SONIFICATION flags=0x800 tags= bundle=null, mBlockableSystem=false, mAl
lowBubbles=-1, mImportanceLockedByOEM=false, mImportanceLockedDefaultApp=false, mOriginalImp=3, mParent=null, mConversa
tionId=null, mDemoted=false, mImportantConvo=false}
          NotificationChannel{mId='GEN', mName=常规消息, mDescription=, mImportance=1, mBypassDnd=false, mLockscreenVisibil
ity=-1000, mSound=content://settings/system/notification_sound, mLights=false, mLightColor=0, mVibration=null, mUserLoc
kedFields=0, mFgServiceShown=false, mVibrationEnabled=false, mShowBadge=true, mDeleted=false, mDeletedTimeMs=-1, mGroup
='null', mAudioAttributes=AudioAttributes: usage=USAGE_NOTIFICATION content=CONTENT_TYPE_SONIFICATION flags=0x800 tags=
 bundle=null, mBlockableSystem=false, mAllowBubbles=-1, mImportanceLockedByOEM=false, mImportanceLockedDefaultApp=false
, mOriginalImp=1, mParent=null, mConversationId=null, mDemoted=false, mImportantConvo=false}
          NotificationChannel{mId='HNT', mName=提示, mDescription=, mImportance=3, mBypassDnd=false, mLockscreenVisibilit
y=-1000, mSound=content://settings/system/notification_sound, mLights=false, mLightColor=0, mVibration=null, mUserLocke
dFields=0, mFgServiceShown=false, mVibrationEnabled=false, mShowBadge=true, mDeleted=false, mDeletedTimeMs=-1, mGroup='
null', mAudioAttributes=AudioAttributes: usage=USAGE_NOTIFICATION content=CONTENT_TYPE_SONIFICATION flags=0x800 tags= b
undle=null, mBlockableSystem=false, mAllowBubbles=-1, mImportanceLockedByOEM=false, mImportanceLockedDefaultApp=false, 
mOriginalImp=3, mParent=null, mConversationId=null, mDemoted=false, mImportantConvo=false}
          NotificationChannel{mId='SCN_HEADSUP', mName=屏幕截图, mDescription=, mImportance=4, mBypassDnd=false, mLockscree
nVisibility=-1000, mSound=null, mLights=false, mLightColor=0, mVibration=null, mUserLockedFields=0, mFgServiceShown=fal
se, mVibrationEnabled=false, mShowBadge=true, mDeleted=false, mDeletedTimeMs=-1, mGroup='null', mAudioAttributes=AudioA
ttributes: usage=USAGE_NOTIFICATION content=CONTENT_TYPE_UNKNOWN flags=0x800 tags= bundle=null, mBlockableSystem=true, 
mAllowBubbles=-1, mImportanceLockedByOEM=false, mImportanceLockedDefaultApp=false, mOriginalImp=4, mParent=null, mConve
rsationId=null, mDemoted=false, mImportantConvo=false}
        AppSettings: com.android.nfc (1027)
          NotificationChannel{mId='HwTagDispatchService', mName=HwTagDispatchService, mDescription=, mImportance=4, mBy
passDnd=false, mLockscreenVisibility=-1000, mSound=content://settings/system/notification_sound, mLights=false, mLightC
olor=0, mVibration=null, mUserLockedFields=0, mFgServiceShown=false, mVibrationEnabled=false, mShowBadge=true, mDeleted
=false, mDeletedTimeMs=-1, mGroup='null', mAudioAttributes=AudioAttributes: usage=USAGE_NOTIFICATION content=CONTENT_TY
PE_SONIFICATION flags=0x800 tags= bundle=null, mBlockableSystem=false, mAllowBubbles=-1, mImportanceLockedByOEM=false, 
mImportanceLockedDefaultApp=false, mOriginalImp=4, mParent=null, mConversationId=null, mDemoted=false, mImportantConvo=
false}
        AppSettings: com.hqjy.zikao.student (10208)
        AppSettings: com.google.android.youtube (10282)
          NotificationChannel{mId='generic_notifications', mName=一般通知, mDescription=, mImportance=2, mBypassDnd=false, 
mLockscreenVisibility=-1000, mSound=null, mLights=false, mLightColor=0, mVibration=null, mUserLockedFields=20, mFgServi
ceShown=false, mVibrationEnabled=false, mShowBadge=false, mDeleted=false, mDeletedTimeMs=-1, mGroup='null', mAudioAttri
butes=AudioAttributes: usage=USAGE_NOTIFICATION content=CONTENT_TYPE_SONIFICATION flags=0x800 tags= bundle=null, mBlock
ableSystem=false, mAllowBubbles=-1, mImportanceLockedByOEM=false, mImportanceLockedDefaultApp=false, mOriginalImp=2, mP
arent=null, mConversationId=null, mDemoted=false, mImportantConvo=false}
          NotificationChannel{mId='1', mName=订阅, mDescription=, mImportance=4, mBypassDnd=false, mLockscreenVisibility=
-1000, mSound=null, mLights=false, mLightColor=0, mVibration=null, mUserLockedFields=0, mFgServiceShown=false, mVibrati
onEnabled=false, mShowBadge=true, mDeleted=false, mDeletedTimeMs=-1, mGroup='null', mAudioAttributes=AudioAttributes: u
sage=USAGE_NOTIFICATION content=CONTENT_TYPE_SONIFICATION flags=0x800 tags= bundle=null, mBlockableSystem=false, mAllow
Bubbles=-1, mImportanceLockedByOEM=false, mImportanceLockedDefaultApp=false, mOriginalImp=4, mParent=null, mConversatio
nId=null, mDemoted=false, mImportantConvo=false}
          NotificationChannel{mId='2', mName=直播, mDescription=, mImportance=4, mBypassDnd=false, mLockscreenVisibility=
-1000, mSound=content://settings/system/notification_sound, mLights=false, mLightColor=0, mVibration=null, mUserLockedF
ields=0, mFgServiceShown=false, mVibrationEnabled=false, mShowBadge=true, mDeleted=false, mDeletedTimeMs=-1, mGroup='nu
ll', mAudioAttributes=AudioAttributes: usage=USAGE_NOTIFICATION content=CONTENT_TYPE_SONIFICATION flags=0x800 tags= bun
dle=null, mBlockableSystem=false, mAllowBubbles=-1, mImportanceLockedByOEM=false, mImportanceLockedDefaultApp=false, mO
riginalImp=4, mParent=null, mConversationId=null, mDemoted=false, mImportantConvo=false}
          NotificationChannel{mId='3', mName=评论和回复, mDescription=, mImportance=3, mBypassDnd=false, mLockscreenVisibili
ty=-1000, mSound=null, mLights=false, mLightColor=0, mVibration=null, mUserLockedFields=0, mFgServiceShown=false, mVibr
ationEnabled=false, mShowBadge=true, mDeleted=false, mDeletedTimeMs=-1, mGroup='null', mAudioAttributes=AudioAttributes
: usage=USAGE_NOTIFICATION content=CONTENT_TYPE_SONIFICATION flags=0x800 tags= bundle=null, mBlockableSystem=false, mAl
lowBubbles=-1, mImportanceLockedByOEM=false, mImportanceLockedDefaultApp=false, mOriginalImp=3, mParent=null, mConversa
tionId=null, mDemoted=false, mImportantConvo=false}
          NotificationChannel{mId='5', mName=推荐内容, mDescription=, mImportance=2, mBypassDnd=false, mLockscreenVisibilit
y=-1000, mSound=null, mLights=false, mLightColor=0, mVibration=null, mUserLockedFields=0, mFgServiceShown=false, mVibra
tionEnabled=false, mShowBadge=true, mDeleted=false, mDeletedTimeMs=-1, mGroup='null', mAudioAttributes=AudioAttributes:
 usage=USAGE_NOTIFICATION content=CONTENT_TYPE_SONIFICATION flags=0x800 tags= bundle=null, mBlockableSystem=false, mAll
owBubbles=-1, mImportanceLockedByOEM=false, mImportanceLockedDefaultApp=false, mOriginalImp=2, mParent=null, mConversat
ionId=null, mDemoted=false, mImportantConvo=false}
          NotificationChannel{mId='6', mName=产品最新动态, mDescription=, mImportance=2, mBypassDnd=false, mLockscreenVisibil
ity=-1000, mSound=null, mLights=false, mLightColor=0, mVibration=null, mUserLockedFields=0, mFgServiceShown=false, mVib
rationEnabled=false, mShowBadge=true, mDeleted=false, mDeletedTimeMs=-1, mGroup='null', mAudioAttributes=AudioAttribute
s: usage=USAGE_NOTIFICATION content=CONTENT_TYPE_SONIFICATION flags=0x800 tags= bundle=null, mBlockableSystem=false, mA
llowBubbles=-1, mImportanceLockedByOEM=false, mImportanceLockedDefaultApp=false, mOriginalImp=2, mParent=null, mConvers
ationId=null, mDemoted=false, mImportantConvo=false}
          NotificationChannel{mId='7', mName=锁定屏幕媒体控件, mDescription=, mImportance=2, mBypassDnd=false, mLockscreenVisib
ility=-1000, mSound=null, mLights=false, mLightColor=0, mVibration=null, mUserLockedFields=0, mFgServiceShown=false, mV
ibrationEnabled=false, mShowBadge=false, mDeleted=false, mDeletedTimeMs=-1, mGroup='null', mAudioAttributes=AudioAttrib
utes: usage=USAGE_NOTIFICATION content=CONTENT_TYPE_SONIFICATION flags=0x800 tags= bundle=null, mBlockableSystem=false,
 mAllowBubbles=-1, mImportanceLockedByOEM=false, mImportanceLockedDefaultApp=false, mOriginalImp=2, mParent=null, mConv
ersationId=null, mDemoted=false, mImportantConvo=false}
          NotificationChannel{mId='10', mName=在移动设备上搜索电视节目, mDescription=, mImportance=4, mBypassDnd=false, mLockscreen
Visibility=-1000, mSound=content://settings/system/notification_sound, mLights=false, mLightColor=0, mVibration=null, m
UserLockedFields=0, mFgServiceShown=false, mVibrationEnabled=false, mShowBadge=true, mDeleted=false, mDeletedTimeMs=-1,
 mGroup='null', mAudioAttributes=AudioAttributes: usage=USAGE_NOTIFICATION content=CONTENT_TYPE_SONIFICATION flags=0x80
0 tags= bundle=null, mBlockableSystem=false, mAllowBubbles=-1, mImportanceLockedByOEM=false, mImportanceLockedDefaultAp
p=false, mOriginalImp=4, mParent=null, mConversationId=null, mDemoted=false, mImportantConvo=false}
>       key='com.autonavi.minimap',
        numEnqueuedByApp=5,
        numPostedByApp=4,
        numUpdatedByApp=1,
        numRemovedByApp=3,
        numPeopleCacheHit=10,
        numWithStaredPeople=0,
        numWithValidPeople=0,
        numPeopleCacheMiss=0,
        numBlocked=0,
        numSuspendedByAdmin=0,
        numWithActions=0,
        numPrivate=5,
        numSecret=0,
        numInterrupt=0,
        numWithBigText=0,
        numWithBigPicture=0
        numForegroundService=5
        numOngoing=5
        numAutoCancel=0
        numWithLargeIcon=5
        numWithInbox=0
        numWithMediaSession=0
        numWithTitle=5
        numWithText=5
        numWithSubText=0
        numWithInfoText=0
        numRateViolations=0
        numAlertViolations=0
        numQuotaViolations=0
        numImagesRemoved=0



===== SAMPLE 16:59:16 =====

>     NotificationRecord(0x032554f6: pkg=com.autonavi.minimap user=UserHandle{0} id=99910001 tag=null importance=2 key=
0|com.autonavi.minimap|99910001|null|10221: Notification(channel=ROUTE_CHANNEL_ID shortcut=null contentView=null vibrat
e=null sound=null tick defaults=0x0 flags=0x62 color=0x00000000 category=navigation groupKey=ranker_group99910001 capsu
leEnableStatus=-1 vis=PRIVATE))
        uid=10221 userId=0
>       opPkg=com.autonavi.minimap
>       icon=Icon(typ=RESOURCE pkg=com.autonavi.minimap id=0x7f08096d)
        flags=0x62
        pri=0
>       key=0|com.autonavi.minimap|99910001|null|10221
        seen=false
>       groupKey=0|com.autonavi.minimap|99910001|null|10221
        notification=
              fullscreenIntent=null
>             contentIntent=PendingIntent{30c50f7: PendingIntentRecord{955f469 com.autonavi.minimap startActivity (allo
wlist: bff4549:+30s0ms/0/NOTIFICATION_SERVICE/NotificationManagerService)}}
              deleteIntent=null
              number=0
              groupAlertBehavior=0
              when=1789721304320
              tickerText=高德地图
              contentView=null
              bigContentView=null
              headsUpContentView=null
              color=0x00000000
              timeout=unknown
              extras={
                  android.title=String (高德地图)
                  android.reduced.images=Boolean (true)
                  android.subText=null
                  android.showChronometer=Boolean (false)
                  android.text=String (正在导航)
                  android.progress=Integer (0)
                  android.progressMax=Integer (0)
                  specialType=String (floating_window_notification)
>                 android.appInfo=ApplicationInfo (ApplicationInfo{2f3eb64 com.autonavi.minimap})
                  android.showWhen=Boolean (true)
                  notification_should_ringtone=Boolean (false)
                  externalChannelType=Integer (3)
                  android.largeIcon=Icon (Icon(typ=BITMAP size=102x102))
                  PopupBackgroundWindowPrevilege=Boolean (false)
                  android.infoText=null
                  topFullscreen=Boolean (false)
                  isRequestSingleLine=Boolean (false)
                  android.progressIndeterminate=Boolean (false)
                  android.remoteInputHistory=null
                  gameDndOn=Boolean (false)
>                 com.autonavi.minimap.navigating=Boolean (true)
              }
        publicNotification=
              None
        stats=SingleNotificationStats{posttimeElapsedMs=2384251038, posttimeToFirstClickMs=-1, posttimeToDismissMs=-1, 
airtimeCount=0, airtimeMs=0, currentAirtimeStartElapsedMs=-1, airtimeExpandedMs=0, posttimeToFirstVisibleExpansionMs=-1
, currentAirtimeExpandedStartElapsedMs=-1, requestedImportance=3, naturalImportance=2, isNoisy=false}
        mContactAffinity=0.0
        mRecentlyIntrusive=false
        mPackagePriority=0
        mPackageVisibility=-1000
        mSystemImportance=UNSPECIFIED
        mAsstImportance=UNSPECIFIED
        mImportance=LOW
        mImportanceExplanation=app
        mIsAppImportanceLocked=false
        mIntercept=false
        mHidden==false
        mGlobalSortKey=crtcl=0x0002:intrsv=1:grnk=0x0006:gsmry=1:nsk:rnk=0x0006
        mRankingTimeMs=1789721304320
        mCreationTimeMs=1789721303462
        mVisibleSinceMs=0
        mUpdateTimeMs=1789721304329
        mInterruptionTimeMs=1789721304329
        mSuppressedVisualEffects= 0
        mSound= null
        mVibration= null
        mAttributes= AudioAttributes: usage=USAGE_NOTIFICATION content=CONTENT_TYPE_SONIFICATION flags=0x800 tags= bund
le=null
        mLight= null
        mShowBadge=true
        mColorized=false
        mAllowBubble=false
        isBubble=false
>       AppSettings: com.autonavi.minimap (10221)
          NotificationChannel{mId='com.huawei.android.pushagent16320', mName=普通通知, mDescription=, mImportance=3, mBypas
sDnd=false, mLockscreenVisibility=-1000, mSound=content://settings/system/notification_sound, mLights=true, mLightColor
=0, mVibration=null, mUserLockedFields=0, mFgServiceShown=false, mVibrationEnabled=true, mShowBadge=true, mDeleted=fals
e, mDeletedTimeMs=-1, mGroup='null', mAudioAttributes=AudioAttributes: usage=USAGE_NOTIFICATION content=CONTENT_TYPE_SO
NIFICATION flags=0x800 tags= bundle=null, mBlockableSystem=false, mAllowBubbles=-1, mImportanceLockedByOEM=false, mImpo
rtanceLockedDefaultApp=false, mOriginalImp=3, mParent=null, mConversationId=null, mDemoted=false, mImportantConvo=false
}
          NotificationChannel{mId='COMMON_CHANNEL_ID', mName=其他通知, mDescription=hasDescription , mImportance=2, mBypass
Dnd=false, mLockscreenVisibility=-1000, mSound=null, mLights=false, mLightColor=0, mVibration=null, mUserLockedFields=2
0, mFgServiceShown=true, mVibrationEnabled=false, mShowBadge=true, mDeleted=false, mDeletedTimeMs=-1, mGroup='COMMON', 
mAudioAttributes=AudioAttributes: usage=USAGE_NOTIFICATION content=CONTENT_TYPE_SONIFICATION flags=0x800 tags= bundle=n
ull, mBlockableSystem=false, mAllowBubbles=-1, mImportanceLockedByOEM=false, mImportanceLockedDefaultApp=false, mOrigin
alImp=2, mParent=null, mConversationId=null, mDemoted=false, mImportantConvo=false}
          NotificationChannel{mId='com.huawei.android.pushagent.low62953', mName=营销通知, mDescription=, mImportance=1, mB
ypassDnd=false, mLockscreenVisibility=-1, mSound=null, mLights=false, mLightColor=0, mVibration=null, mUserLockedFields
=22, mFgServiceShown=false, mVibrationEnabled=false, mShowBadge=true, mDeleted=false, mDeletedTimeMs=-1, mGroup='null',
 mAudioAttributes=AudioAttributes: usage=USAGE_NOTIFICATION content=CONTENT_TYPE_SONIFICATION flags=0x800 tags= bundle=
null, mBlockableSystem=false, mAllowBubbles=-1, mImportanceLockedByOEM=false, mImportanceLockedDefaultApp=false, mOrigi
nalImp=1, mParent=null, mConversationId=null, mDemoted=false, mImportantConvo=false}
          NotificationChannel{mId='ORDER_CHANNEL_ID', mName=订单通知, mDescription=hasDescription , mImportance=2, mBypassD
nd=false, mLockscreenVisibility=-1000, mSound=null, mLights=false, mLightColor=0, mVibration=null, mUserLockedFields=20
, mFgServiceShown=true, mVibrationEnabled=false, mShowBadge=true, mDeleted=false, mDeletedTimeMs=-1, mGroup='ORDER', mA
udioAttributes=AudioAttributes: usage=USAGE_NOTIFICATION content=CONTENT_TYPE_SONIFICATION flags=0x800 tags= bundle=nul
l, mBlockableSystem=false, mAllowBubbles=-1, mImportanceLockedByOEM=false, mImportanceLockedDefaultApp=false, mOriginal
Imp=2, mParent=null, mConversationId=null, mDemoted=false, mImportantConvo=false}
          NotificationChannel{mId='ROUTE_CHANNEL_ID', mName=导航通知, mDescription=hasDescription , mImportance=2, mBypassD
nd=false, mLockscreenVisibility=-1000, mSound=null, mLights=false, mLightColor=0, mVibration=null, mUserLockedFields=20
, mFgServiceShown=true, mVibrationEnabled=false, mShowBadge=true, mDeleted=false, mDeletedTimeMs=-1, mGroup='ROUTE', mA
udioAttributes=AudioAttributes: usage=USAGE_NOTIFICATION content=CONTENT_TYPE_SONIFICATION flags=0x800 tags= bundle=nul
l, mBlockableSystem=false, mAllowBubbles=-1, mImportanceLockedByOEM=false, mImportanceLockedDefaultApp=false, mOriginal
Imp=2, mParent=null, mConversationId=null, mDemoted=false, mImportantConvo=false}
          NotificationChannel{mId='ScreenRecorderService.Channel', mName=录屏服务, mDescription=, mImportance=4, mBypassDnd
=false, mLockscreenVisibility=-1000, mSound=content://settings/system/notification_sound, mLights=false, mLightColor=0,
 mVibration=null, mUserLockedFields=0, mFgServiceShown=true, mVibrationEnabled=false, mShowBadge=true, mDeleted=false, 
mDeletedTimeMs=-1, mGroup='null', mAudioAttributes=AudioAttributes: usage=USAGE_NOTIFICATION content=CONTENT_TYPE_SONIF
ICATION flags=0x800 tags= bundle=null, mBlockableSystem=false, mAllowBubbles=-1, mImportanceLockedByOEM=false, mImporta
nceLockedDefaultApp=false, mOriginalImp=4, mParent=null, mConversationId=null, mDemoted=false, mImportantConvo=false}
          NotificationChannelGroup{mId='ROUTE', mName=导航通知, mDescription=, mBlocked=false, mChannels=[], mUserLockedFie
lds=0}
          NotificationChannelGroup{mId='ORDER', mName=订单通知, mDescription=, mBlocked=false, mChannels=[], mUserLockedFie
lds=0}
          NotificationChannelGroup{mId='COMMON', mName=常规通知, mDescription=, mBlocked=false, mChannels=[], mUserLockedFi
elds=0}
        AppSettings: com.android.systemui (10084)
          NotificationChannel{mId='trafficnotification', mName=流量显示, mDescription=, mImportance=1, mBypassDnd=false, mL
ockscreenVisibility=-1000, mSound=content://settings/system/notification_sound, mLights=false, mLightColor=0, mVibratio
n=null, mUserLockedFields=0, mFgServiceShown=false, mVibrationEnabled=false, mShowBadge=true, mDeleted=false, mDeletedT
imeMs=-1, mGroup='null', mAudioAttributes=AudioAttributes: usage=USAGE_NOTIFICATION content=CONTENT_TYPE_SONIFICATION f
lags=0x800 tags= bundle=null, mBlockableSystem=false, mAllowBubbles=-1, mImportanceLockedByOEM=false, mImportanceLocked
DefaultApp=false, mOriginalImp=1, mParent=null, mConversationId=null, mDemoted=false, mImportantConvo=false}
          NotificationChannel{mId='ALR', mName=提醒, mDescription=, mImportance=4, mBypassDnd=false, mLockscreenVisibilit
y=-1000, mSound=content://settings/system/notification_sound, mLights=false, mLightColor=0, mVibration=null, mUserLocke
dFields=0, mFgServiceShown=false, mVibrationEnabled=false, mShowBadge=true, mDeleted=false, mDeletedTimeMs=-1, mGroup='
null', mAudioAttributes=AudioAttributes: usage=USAGE_NOTIFICATION content=CONTENT_TYPE_SONIFICATION flags=0x800 tags= b
undle=null, mBlockableSystem=false, mAllowBubbles=-1, mImportanceLockedByOEM=false, mImportanceLockedDefaultApp=false, 
mOriginalImp=4, mParent=null, mConversationId=null, mDemoted=false, mImportantConvo=false}
          NotificationChannel{mId='BAT', mName=电池, mDescription=, mImportance=5, mBypassDnd=false, mLockscreenVisibilit
y=-1000, mSound=file:///system/media/audio/ui/LowBattery.ogg, mLights=false, mLightColor=0, mVibration=null, mUserLocke
dFields=0, mFgServiceShown=false, mVibrationEnabled=false, mShowBadge=true, mDeleted=false, mDeletedTimeMs=-1, mGroup='
null', mAudioAttributes=AudioAttributes: usage=USAGE_NOTIFICATION_EVENT content=CONTENT_TYPE_SONIFICATION flags=0x800 t
ags= bundle=null, mBlockableSystem=true, mAllowBubbles=-1, mImportanceLockedByOEM=false, mImportanceLockedDefaultApp=fa
lse, mOriginalImp=5, mParent=null, mConversationId=null, mDemoted=false, mImportantConvo=false}
          NotificationChannel{mId='DSK', mName=存储空间, mDescription=, mImportance=2, mBypassDnd=false, mLockscreenVisibil
ity=-1000, mSound=content://settings/system/notification_sound, mLights=false, mLightColor=0, mVibration=null, mUserLoc
kedFields=0, mFgServiceShown=false, mVibrationEnabled=false, mShowBadge=true, mDeleted=false, mDeletedTimeMs=-1, mGroup
='null', mAudioAttributes=AudioAttributes: usage=USAGE_NOTIFICATION content=CONTENT_TYPE_SONIFICATION flags=0x800 tags=
 bundle=null, mBlockableSystem=false, mAllowBubbles=-1, mImportanceLockedByOEM=false, mImportanceLockedDefaultApp=false
, mOriginalImp=2, mParent=null, mConversationId=null, mDemoted=false, mImportantConvo=false}
          NotificationChannel{mId='FLA', mName=手电筒, mDescription=, mImportance=3, mBypassDnd=false, mLockscreenVisibili
ty=-1000, mSound=null, mLights=false, mLightColor=0, mVibration=null, mUserLockedFields=0, mFgServiceShown=false, mVibr
ationEnabled=false, mShowBadge=true, mDeleted=false, mDeletedTimeMs=-1, mGroup='null', mAudioAttributes=AudioAttributes
: usage=USAGE_NOTIFICATION content=CONTENT_TYPE_SONIFICATION flags=0x800 tags= bundle=null, mBlockableSystem=false, mAl
lowBubbles=-1, mImportanceLockedByOEM=false, mImportanceLockedDefaultApp=false, mOriginalImp=3, mParent=null, mConversa
tionId=null, mDemoted=false, mImportantConvo=false}
          NotificationChannel{mId='GEN', mName=常规消息, mDescription=, mImportance=1, mBypassDnd=false, mLockscreenVisibil
ity=-1000, mSound=content://settings/system/notification_sound, mLights=false, mLightColor=0, mVibration=null, mUserLoc
kedFields=0, mFgServiceShown=false, mVibrationEnabled=false, mShowBadge=true, mDeleted=false, mDeletedTimeMs=-1, mGroup
='null', mAudioAttributes=AudioAttributes: usage=USAGE_NOTIFICATION content=CONTENT_TYPE_SONIFICATION flags=0x800 tags=
 bundle=null, mBlockableSystem=false, mAllowBubbles=-1, mImportanceLockedByOEM=false, mImportanceLockedDefaultApp=false
, mOriginalImp=1, mParent=null, mConversationId=null, mDemoted=false, mImportantConvo=false}
          NotificationChannel{mId='HNT', mName=提示, mDescription=, mImportance=3, mBypassDnd=false, mLockscreenVisibilit
y=-1000, mSound=content://settings/system/notification_sound, mLights=false, mLightColor=0, mVibration=null, mUserLocke
dFields=0, mFgServiceShown=false, mVibrationEnabled=false, mShowBadge=true, mDeleted=false, mDeletedTimeMs=-1, mGroup='
null', mAudioAttributes=AudioAttributes: usage=USAGE_NOTIFICATION content=CONTENT_TYPE_SONIFICATION flags=0x800 tags= b
undle=null, mBlockableSystem=false, mAllowBubbles=-1, mImportanceLockedByOEM=false, mImportanceLockedDefaultApp=false, 
mOriginalImp=3, mParent=null, mConversationId=null, mDemoted=false, mImportantConvo=false}
          NotificationChannel{mId='SCN_HEADSUP', mName=屏幕截图, mDescription=, mImportance=4, mBypassDnd=false, mLockscree
nVisibility=-1000, mSound=null, mLights=false, mLightColor=0, mVibration=null, mUserLockedFields=0, mFgServiceShown=fal
se, mVibrationEnabled=false, mShowBadge=true, mDeleted=false, mDeletedTimeMs=-1, mGroup='null', mAudioAttributes=AudioA
ttributes: usage=USAGE_NOTIFICATION content=CONTENT_TYPE_UNKNOWN flags=0x800 tags= bundle=null, mBlockableSystem=true, 
mAllowBubbles=-1, mImportanceLockedByOEM=false, mImportanceLockedDefaultApp=false, mOriginalImp=4, mParent=null, mConve
rsationId=null, mDemoted=false, mImportantConvo=false}
        AppSettings: com.android.nfc (1027)
          NotificationChannel{mId='HwTagDispatchService', mName=HwTagDispatchService, mDescription=, mImportance=4, mBy
passDnd=false, mLockscreenVisibility=-1000, mSound=content://settings/system/notification_sound, mLights=false, mLightC
olor=0, mVibration=null, mUserLockedFields=0, mFgServiceShown=false, mVibrationEnabled=false, mShowBadge=true, mDeleted
=false, mDeletedTimeMs=-1, mGroup='null', mAudioAttributes=AudioAttributes: usage=USAGE_NOTIFICATION content=CONTENT_TY
PE_SONIFICATION flags=0x800 tags= bundle=null, mBlockableSystem=false, mAllowBubbles=-1, mImportanceLockedByOEM=false, 
mImportanceLockedDefaultApp=false, mOriginalImp=4, mParent=null, mConversationId=null, mDemoted=false, mImportantConvo=
false}
        AppSettings: com.hqjy.zikao.student (10208)
        AppSettings: com.google.android.youtube (10282)
          NotificationChannel{mId='generic_notifications', mName=一般通知, mDescription=, mImportance=2, mBypassDnd=false, 
mLockscreenVisibility=-1000, mSound=null, mLights=false, mLightColor=0, mVibration=null, mUserLockedFields=20, mFgServi
ceShown=false, mVibrationEnabled=false, mShowBadge=false, mDeleted=false, mDeletedTimeMs=-1, mGroup='null', mAudioAttri
butes=AudioAttributes: usage=USAGE_NOTIFICATION content=CONTENT_TYPE_SONIFICATION flags=0x800 tags= bundle=null, mBlock
ableSystem=false, mAllowBubbles=-1, mImportanceLockedByOEM=false, mImportanceLockedDefaultApp=false, mOriginalImp=2, mP
arent=null, mConversationId=null, mDemoted=false, mImportantConvo=false}
          NotificationChannel{mId='1', mName=订阅, mDescription=, mImportance=4, mBypassDnd=false, mLockscreenVisibility=
-1000, mSound=null, mLights=false, mLightColor=0, mVibration=null, mUserLockedFields=0, mFgServiceShown=false, mVibrati
onEnabled=false, mShowBadge=true, mDeleted=false, mDeletedTimeMs=-1, mGroup='null', mAudioAttributes=AudioAttributes: u
sage=USAGE_NOTIFICATION content=CONTENT_TYPE_SONIFICATION flags=0x800 tags= bundle=null, mBlockableSystem=false, mAllow
Bubbles=-1, mImportanceLockedByOEM=false, mImportanceLockedDefaultApp=false, mOriginalImp=4, mParent=null, mConversatio
nId=null, mDemoted=false, mImportantConvo=false}
          NotificationChannel{mId='2', mName=直播, mDescription=, mImportance=4, mBypassDnd=false, mLockscreenVisibility=
-1000, mSound=content://settings/system/notification_sound, mLights=false, mLightColor=0, mVibration=null, mUserLockedF
ields=0, mFgServiceShown=false, mVibrationEnabled=false, mShowBadge=true, mDeleted=false, mDeletedTimeMs=-1, mGroup='nu
ll', mAudioAttributes=AudioAttributes: usage=USAGE_NOTIFICATION content=CONTENT_TYPE_SONIFICATION flags=0x800 tags= bun
dle=null, mBlockableSystem=false, mAllowBubbles=-1, mImportanceLockedByOEM=false, mImportanceLockedDefaultApp=false, mO
riginalImp=4, mParent=null, mConversationId=null, mDemoted=false, mImportantConvo=false}
          NotificationChannel{mId='3', mName=评论和回复, mDescription=, mImportance=3, mBypassDnd=false, mLockscreenVisibili
ty=-1000, mSound=null, mLights=false, mLightColor=0, mVibration=null, mUserLockedFields=0, mFgServiceShown=false, mVibr
ationEnabled=false, mShowBadge=true, mDeleted=false, mDeletedTimeMs=-1, mGroup='null', mAudioAttributes=AudioAttributes
: usage=USAGE_NOTIFICATION content=CONTENT_TYPE_SONIFICATION flags=0x800 tags= bundle=null, mBlockableSystem=false, mAl
lowBubbles=-1, mImportanceLockedByOEM=false, mImportanceLockedDefaultApp=false, mOriginalImp=3, mParent=null, mConversa
tionId=null, mDemoted=false, mImportantConvo=false}
          NotificationChannel{mId='5', mName=推荐内容, mDescription=, mImportance=2, mBypassDnd=false, mLockscreenVisibilit
y=-1000, mSound=null, mLights=false, mLightColor=0, mVibration=null, mUserLockedFields=0, mFgServiceShown=false, mVibra
tionEnabled=false, mShowBadge=true, mDeleted=false, mDeletedTimeMs=-1, mGroup='null', mAudioAttributes=AudioAttributes:
 usage=USAGE_NOTIFICATION content=CONTENT_TYPE_SONIFICATION flags=0x800 tags= bundle=null, mBlockableSystem=false, mAll
owBubbles=-1, mImportanceLockedByOEM=false, mImportanceLockedDefaultApp=false, mOriginalImp=2, mParent=null, mConversat
ionId=null, mDemoted=false, mImportantConvo=false}
          NotificationChannel{mId='6', mName=产品最新动态, mDescription=, mImportance=2, mBypassDnd=false, mLockscreenVisibil
ity=-1000, mSound=null, mLights=false, mLightColor=0, mVibration=null, mUserLockedFields=0, mFgServiceShown=false, mVib
rationEnabled=false, mShowBadge=true, mDeleted=false, mDeletedTimeMs=-1, mGroup='null', mAudioAttributes=AudioAttribute
s: usage=USAGE_NOTIFICATION content=CONTENT_TYPE_SONIFICATION flags=0x800 tags= bundle=null, mBlockableSystem=false, mA
llowBubbles=-1, mImportanceLockedByOEM=false, mImportanceLockedDefaultApp=false, mOriginalImp=2, mParent=null, mConvers
ationId=null, mDemoted=false, mImportantConvo=false}
          NotificationChannel{mId='7', mName=锁定屏幕媒体控件, mDescription=, mImportance=2, mBypassDnd=false, mLockscreenVisib
ility=-1000, mSound=null, mLights=false, mLightColor=0, mVibration=null, mUserLockedFields=0, mFgServiceShown=false, mV
ibrationEnabled=false, mShowBadge=false, mDeleted=false, mDeletedTimeMs=-1, mGroup='null', mAudioAttributes=AudioAttrib
utes: usage=USAGE_NOTIFICATION content=CONTENT_TYPE_SONIFICATION flags=0x800 tags= bundle=null, mBlockableSystem=false,
 mAllowBubbles=-1, mImportanceLockedByOEM=false, mImportanceLockedDefaultApp=false, mOriginalImp=2, mParent=null, mConv
ersationId=null, mDemoted=false, mImportantConvo=false}
          NotificationChannel{mId='10', mName=在移动设备上搜索电视节目, mDescription=, mImportance=4, mBypassDnd=false, mLockscreen
Visibility=-1000, mSound=content://settings/system/notification_sound, mLights=false, mLightColor=0, mVibration=null, m
UserLockedFields=0, mFgServiceShown=false, mVibrationEnabled=false, mShowBadge=true, mDeleted=false, mDeletedTimeMs=-1,
 mGroup='null', mAudioAttributes=AudioAttributes: usage=USAGE_NOTIFICATION content=CONTENT_TYPE_SONIFICATION flags=0x80
0 tags= bundle=null, mBlockableSystem=false, mAllowBubbles=-1, mImportanceLockedByOEM=false, mImportanceLockedDefaultAp
p=false, mOriginalImp=4, mParent=null, mConversationId=null, mDemoted=false, mImportantConvo=false}
>       key='com.autonavi.minimap',
        numEnqueuedByApp=5,
        numPostedByApp=4,
        numUpdatedByApp=1,
        numRemovedByApp=3,
        numPeopleCacheHit=10,
        numWithStaredPeople=0,
        numWithValidPeople=0,
        numPeopleCacheMiss=0,
        numBlocked=0,
        numSuspendedByAdmin=0,
        numWithActions=0,
        numPrivate=5,
        numSecret=0,
        numInterrupt=0,
        numWithBigText=0,
        numWithBigPicture=0
        numForegroundService=5
        numOngoing=5
        numAutoCancel=0
        numWithLargeIcon=5
        numWithInbox=0
        numWithMediaSession=0
        numWithTitle=5
        numWithText=5
        numWithSubText=0
        numWithInfoText=0
        numRateViolations=0
        numAlertViolations=0
        numQuotaViolations=0
        numImagesRemoved=0



===== SAMPLE 16:59:20 =====

>     NotificationRecord(0x032554f6: pkg=com.autonavi.minimap user=UserHandle{0} id=99910001 tag=null importance=2 key=
0|com.autonavi.minimap|99910001|null|10221: Notification(channel=ROUTE_CHANNEL_ID shortcut=null contentView=null vibrat
e=null sound=null tick defaults=0x0 flags=0x62 color=0x00000000 category=navigation groupKey=ranker_group99910001 capsu
leEnableStatus=-1 vis=PRIVATE))
        uid=10221 userId=0
>       opPkg=com.autonavi.minimap
>       icon=Icon(typ=RESOURCE pkg=com.autonavi.minimap id=0x7f08096d)
        flags=0x62
        pri=0
>       key=0|com.autonavi.minimap|99910001|null|10221
        seen=false
>       groupKey=0|com.autonavi.minimap|99910001|null|10221
        notification=
              fullscreenIntent=null
>             contentIntent=PendingIntent{30c50f7: PendingIntentRecord{955f469 com.autonavi.minimap startActivity (allo
wlist: bff4549:+30s0ms/0/NOTIFICATION_SERVICE/NotificationManagerService)}}
              deleteIntent=null
              number=0
              groupAlertBehavior=0
              when=1789721304320
              tickerText=高德地图
              contentView=null
              bigContentView=null
              headsUpContentView=null
              color=0x00000000
              timeout=unknown
              extras={
                  android.title=String (高德地图)
                  android.reduced.images=Boolean (true)
                  android.subText=null
                  android.showChronometer=Boolean (false)
                  android.text=String (正在导航)
                  android.progress=Integer (0)
                  android.progressMax=Integer (0)
                  specialType=String (floating_window_notification)
>                 android.appInfo=ApplicationInfo (ApplicationInfo{2f3eb64 com.autonavi.minimap})
                  android.showWhen=Boolean (true)
                  notification_should_ringtone=Boolean (false)
                  externalChannelType=Integer (3)
                  android.largeIcon=Icon (Icon(typ=BITMAP size=102x102))
                  PopupBackgroundWindowPrevilege=Boolean (false)
                  android.infoText=null
                  topFullscreen=Boolean (false)
                  isRequestSingleLine=Boolean (false)
                  android.progressIndeterminate=Boolean (false)
                  android.remoteInputHistory=null
                  gameDndOn=Boolean (false)
>                 com.autonavi.minimap.navigating=Boolean (true)
              }
        publicNotification=
              None
        stats=SingleNotificationStats{posttimeElapsedMs=2384251038, posttimeToFirstClickMs=-1, posttimeToDismissMs=-1, 
airtimeCount=0, airtimeMs=0, currentAirtimeStartElapsedMs=-1, airtimeExpandedMs=0, posttimeToFirstVisibleExpansionMs=-1
, currentAirtimeExpandedStartElapsedMs=-1, requestedImportance=3, naturalImportance=2, isNoisy=false}
        mContactAffinity=0.0
        mRecentlyIntrusive=false
        mPackagePriority=0
        mPackageVisibility=-1000
        mSystemImportance=UNSPECIFIED
        mAsstImportance=UNSPECIFIED
        mImportance=LOW
        mImportanceExplanation=app
        mIsAppImportanceLocked=false
        mIntercept=false
        mHidden==false
        mGlobalSortKey=crtcl=0x0002:intrsv=1:grnk=0x0006:gsmry=1:nsk:rnk=0x0006
        mRankingTimeMs=1789721304320
        mCreationTimeMs=1789721303462
        mVisibleSinceMs=0
        mUpdateTimeMs=1789721304329
        mInterruptionTimeMs=1789721304329
        mSuppressedVisualEffects= 0
        mSound= null
        mVibration= null
        mAttributes= AudioAttributes: usage=USAGE_NOTIFICATION content=CONTENT_TYPE_SONIFICATION flags=0x800 tags= bund
le=null
        mLight= null
        mShowBadge=true
        mColorized=false
        mAllowBubble=false
        isBubble=false
>       AppSettings: com.autonavi.minimap (10221)
          NotificationChannel{mId='com.huawei.android.pushagent16320', mName=普通通知, mDescription=, mImportance=3, mBypas
sDnd=false, mLockscreenVisibility=-1000, mSound=content://settings/system/notification_sound, mLights=true, mLightColor
=0, mVibration=null, mUserLockedFields=0, mFgServiceShown=false, mVibrationEnabled=true, mShowBadge=true, mDeleted=fals
e, mDeletedTimeMs=-1, mGroup='null', mAudioAttributes=AudioAttributes: usage=USAGE_NOTIFICATION content=CONTENT_TYPE_SO
NIFICATION flags=0x800 tags= bundle=null, mBlockableSystem=false, mAllowBubbles=-1, mImportanceLockedByOEM=false, mImpo
rtanceLockedDefaultApp=false, mOriginalImp=3, mParent=null, mConversationId=null, mDemoted=false, mImportantConvo=false
}
          NotificationChannel{mId='COMMON_CHANNEL_ID', mName=其他通知, mDescription=hasDescription , mImportance=2, mBypass
Dnd=false, mLockscreenVisibility=-1000, mSound=null, mLights=false, mLightColor=0, mVibration=null, mUserLockedFields=2
0, mFgServiceShown=true, mVibrationEnabled=false, mShowBadge=true, mDeleted=false, mDeletedTimeMs=-1, mGroup='COMMON', 
mAudioAttributes=AudioAttributes: usage=USAGE_NOTIFICATION content=CONTENT_TYPE_SONIFICATION flags=0x800 tags= bundle=n
ull, mBlockableSystem=false, mAllowBubbles=-1, mImportanceLockedByOEM=false, mImportanceLockedDefaultApp=false, mOrigin
alImp=2, mParent=null, mConversationId=null, mDemoted=false, mImportantConvo=false}
          NotificationChannel{mId='com.huawei.android.pushagent.low62953', mName=营销通知, mDescription=, mImportance=1, mB
ypassDnd=false, mLockscreenVisibility=-1, mSound=null, mLights=false, mLightColor=0, mVibration=null, mUserLockedFields
=22, mFgServiceShown=false, mVibrationEnabled=false, mShowBadge=true, mDeleted=false, mDeletedTimeMs=-1, mGroup='null',
 mAudioAttributes=AudioAttributes: usage=USAGE_NOTIFICATION content=CONTENT_TYPE_SONIFICATION flags=0x800 tags= bundle=
null, mBlockableSystem=false, mAllowBubbles=-1, mImportanceLockedByOEM=false, mImportanceLockedDefaultApp=false, mOrigi
nalImp=1, mParent=null, mConversationId=null, mDemoted=false, mImportantConvo=false}
          NotificationChannel{mId='ORDER_CHANNEL_ID', mName=订单通知, mDescription=hasDescription , mImportance=2, mBypassD
nd=false, mLockscreenVisibility=-1000, mSound=null, mLights=false, mLightColor=0, mVibration=null, mUserLockedFields=20
, mFgServiceShown=true, mVibrationEnabled=false, mShowBadge=true, mDeleted=false, mDeletedTimeMs=-1, mGroup='ORDER', mA
udioAttributes=AudioAttributes: usage=USAGE_NOTIFICATION content=CONTENT_TYPE_SONIFICATION flags=0x800 tags= bundle=nul
l, mBlockableSystem=false, mAllowBubbles=-1, mImportanceLockedByOEM=false, mImportanceLockedDefaultApp=false, mOriginal
Imp=2, mParent=null, mConversationId=null, mDemoted=false, mImportantConvo=false}
          NotificationChannel{mId='ROUTE_CHANNEL_ID', mName=导航通知, mDescription=hasDescription , mImportance=2, mBypassD
nd=false, mLockscreenVisibility=-1000, mSound=null, mLights=false, mLightColor=0, mVibration=null, mUserLockedFields=20
, mFgServiceShown=true, mVibrationEnabled=false, mShowBadge=true, mDeleted=false, mDeletedTimeMs=-1, mGroup='ROUTE', mA
udioAttributes=AudioAttributes: usage=USAGE_NOTIFICATION content=CONTENT_TYPE_SONIFICATION flags=0x800 tags= bundle=nul
l, mBlockableSystem=false, mAllowBubbles=-1, mImportanceLockedByOEM=false, mImportanceLockedDefaultApp=false, mOriginal
Imp=2, mParent=null, mConversationId=null, mDemoted=false, mImportantConvo=false}
          NotificationChannel{mId='ScreenRecorderService.Channel', mName=录屏服务, mDescription=, mImportance=4, mBypassDnd
=false, mLockscreenVisibility=-1000, mSound=content://settings/system/notification_sound, mLights=false, mLightColor=0,
 mVibration=null, mUserLockedFields=0, mFgServiceShown=true, mVibrationEnabled=false, mShowBadge=true, mDeleted=false, 
mDeletedTimeMs=-1, mGroup='null', mAudioAttributes=AudioAttributes: usage=USAGE_NOTIFICATION content=CONTENT_TYPE_SONIF
ICATION flags=0x800 tags= bundle=null, mBlockableSystem=false, mAllowBubbles=-1, mImportanceLockedByOEM=false, mImporta
nceLockedDefaultApp=false, mOriginalImp=4, mParent=null, mConversationId=null, mDemoted=false, mImportantConvo=false}
          NotificationChannelGroup{mId='ROUTE', mName=导航通知, mDescription=, mBlocked=false, mChannels=[], mUserLockedFie
lds=0}
          NotificationChannelGroup{mId='ORDER', mName=订单通知, mDescription=, mBlocked=false, mChannels=[], mUserLockedFie
lds=0}
          NotificationChannelGroup{mId='COMMON', mName=常规通知, mDescription=, mBlocked=false, mChannels=[], mUserLockedFi
elds=0}
        AppSettings: com.android.systemui (10084)
          NotificationChannel{mId='trafficnotification', mName=流量显示, mDescription=, mImportance=1, mBypassDnd=false, mL
ockscreenVisibility=-1000, mSound=content://settings/system/notification_sound, mLights=false, mLightColor=0, mVibratio
n=null, mUserLockedFields=0, mFgServiceShown=false, mVibrationEnabled=false, mShowBadge=true, mDeleted=false, mDeletedT
imeMs=-1, mGroup='null', mAudioAttributes=AudioAttributes: usage=USAGE_NOTIFICATION content=CONTENT_TYPE_SONIFICATION f
lags=0x800 tags= bundle=null, mBlockableSystem=false, mAllowBubbles=-1, mImportanceLockedByOEM=false, mImportanceLocked
DefaultApp=false, mOriginalImp=1, mParent=null, mConversationId=null, mDemoted=false, mImportantConvo=false}
          NotificationChannel{mId='ALR', mName=提醒, mDescription=, mImportance=4, mBypassDnd=false, mLockscreenVisibilit
y=-1000, mSound=content://settings/system/notification_sound, mLights=false, mLightColor=0, mVibration=null, mUserLocke
dFields=0, mFgServiceShown=false, mVibrationEnabled=false, mShowBadge=true, mDeleted=false, mDeletedTimeMs=-1, mGroup='
null', mAudioAttributes=AudioAttributes: usage=USAGE_NOTIFICATION content=CONTENT_TYPE_SONIFICATION flags=0x800 tags= b
undle=null, mBlockableSystem=false, mAllowBubbles=-1, mImportanceLockedByOEM=false, mImportanceLockedDefaultApp=false, 
mOriginalImp=4, mParent=null, mConversationId=null, mDemoted=false, mImportantConvo=false}
          NotificationChannel{mId='BAT', mName=电池, mDescription=, mImportance=5, mBypassDnd=false, mLockscreenVisibilit
y=-1000, mSound=file:///system/media/audio/ui/LowBattery.ogg, mLights=false, mLightColor=0, mVibration=null, mUserLocke
dFields=0, mFgServiceShown=false, mVibrationEnabled=false, mShowBadge=true, mDeleted=false, mDeletedTimeMs=-1, mGroup='
null', mAudioAttributes=AudioAttributes: usage=USAGE_NOTIFICATION_EVENT content=CONTENT_TYPE_SONIFICATION flags=0x800 t
ags= bundle=null, mBlockableSystem=true, mAllowBubbles=-1, mImportanceLockedByOEM=false, mImportanceLockedDefaultApp=fa
lse, mOriginalImp=5, mParent=null, mConversationId=null, mDemoted=false, mImportantConvo=false}
          NotificationChannel{mId='DSK', mName=存储空间, mDescription=, mImportance=2, mBypassDnd=false, mLockscreenVisibil
ity=-1000, mSound=content://settings/system/notification_sound, mLights=false, mLightColor=0, mVibration=null, mUserLoc
kedFields=0, mFgServiceShown=false, mVibrationEnabled=false, mShowBadge=true, mDeleted=false, mDeletedTimeMs=-1, mGroup
='null', mAudioAttributes=AudioAttributes: usage=USAGE_NOTIFICATION content=CONTENT_TYPE_SONIFICATION flags=0x800 tags=
 bundle=null, mBlockableSystem=false, mAllowBubbles=-1, mImportanceLockedByOEM=false, mImportanceLockedDefaultApp=false
, mOriginalImp=2, mParent=null, mConversationId=null, mDemoted=false, mImportantConvo=false}
          NotificationChannel{mId='FLA', mName=手电筒, mDescription=, mImportance=3, mBypassDnd=false, mLockscreenVisibili
ty=-1000, mSound=null, mLights=false, mLightColor=0, mVibration=null, mUserLockedFields=0, mFgServiceShown=false, mVibr
ationEnabled=false, mShowBadge=true, mDeleted=false, mDeletedTimeMs=-1, mGroup='null', mAudioAttributes=AudioAttributes
: usage=USAGE_NOTIFICATION content=CONTENT_TYPE_SONIFICATION flags=0x800 tags= bundle=null, mBlockableSystem=false, mAl
lowBubbles=-1, mImportanceLockedByOEM=false, mImportanceLockedDefaultApp=false, mOriginalImp=3, mParent=null, mConversa
tionId=null, mDemoted=false, mImportantConvo=false}
          NotificationChannel{mId='GEN', mName=常规消息, mDescription=, mImportance=1, mBypassDnd=false, mLockscreenVisibil
ity=-1000, mSound=content://settings/system/notification_sound, mLights=false, mLightColor=0, mVibration=null, mUserLoc
kedFields=0, mFgServiceShown=false, mVibrationEnabled=false, mShowBadge=true, mDeleted=false, mDeletedTimeMs=-1, mGroup
='null', mAudioAttributes=AudioAttributes: usage=USAGE_NOTIFICATION content=CONTENT_TYPE_SONIFICATION flags=0x800 tags=
 bundle=null, mBlockableSystem=false, mAllowBubbles=-1, mImportanceLockedByOEM=false, mImportanceLockedDefaultApp=false
, mOriginalImp=1, mParent=null, mConversationId=null, mDemoted=false, mImportantConvo=false}
          NotificationChannel{mId='HNT', mName=提示, mDescription=, mImportance=3, mBypassDnd=false, mLockscreenVisibilit
y=-1000, mSound=content://settings/system/notification_sound, mLights=false, mLightColor=0, mVibration=null, mUserLocke
dFields=0, mFgServiceShown=false, mVibrationEnabled=false, mShowBadge=true, mDeleted=false, mDeletedTimeMs=-1, mGroup='
null', mAudioAttributes=AudioAttributes: usage=USAGE_NOTIFICATION content=CONTENT_TYPE_SONIFICATION flags=0x800 tags= b
undle=null, mBlockableSystem=false, mAllowBubbles=-1, mImportanceLockedByOEM=false, mImportanceLockedDefaultApp=false, 
mOriginalImp=3, mParent=null, mConversationId=null, mDemoted=false, mImportantConvo=false}
          NotificationChannel{mId='SCN_HEADSUP', mName=屏幕截图, mDescription=, mImportance=4, mBypassDnd=false, mLockscree
nVisibility=-1000, mSound=null, mLights=false, mLightColor=0, mVibration=null, mUserLockedFields=0, mFgServiceShown=fal
se, mVibrationEnabled=false, mShowBadge=true, mDeleted=false, mDeletedTimeMs=-1, mGroup='null', mAudioAttributes=AudioA
ttributes: usage=USAGE_NOTIFICATION content=CONTENT_TYPE_UNKNOWN flags=0x800 tags= bundle=null, mBlockableSystem=true, 
mAllowBubbles=-1, mImportanceLockedByOEM=false, mImportanceLockedDefaultApp=false, mOriginalImp=4, mParent=null, mConve
rsationId=null, mDemoted=false, mImportantConvo=false}
        AppSettings: com.android.nfc (1027)
          NotificationChannel{mId='HwTagDispatchService', mName=HwTagDispatchService, mDescription=, mImportance=4, mBy
passDnd=false, mLockscreenVisibility=-1000, mSound=content://settings/system/notification_sound, mLights=false, mLightC
olor=0, mVibration=null, mUserLockedFields=0, mFgServiceShown=false, mVibrationEnabled=false, mShowBadge=true, mDeleted
=false, mDeletedTimeMs=-1, mGroup='null', mAudioAttributes=AudioAttributes: usage=USAGE_NOTIFICATION content=CONTENT_TY
PE_SONIFICATION flags=0x800 tags= bundle=null, mBlockableSystem=false, mAllowBubbles=-1, mImportanceLockedByOEM=false, 
mImportanceLockedDefaultApp=false, mOriginalImp=4, mParent=null, mConversationId=null, mDemoted=false, mImportantConvo=
false}
        AppSettings: com.hqjy.zikao.student (10208)
        AppSettings: com.google.android.youtube (10282)
          NotificationChannel{mId='generic_notifications', mName=一般通知, mDescription=, mImportance=2, mBypassDnd=false, 
mLockscreenVisibility=-1000, mSound=null, mLights=false, mLightColor=0, mVibration=null, mUserLockedFields=20, mFgServi
ceShown=false, mVibrationEnabled=false, mShowBadge=false, mDeleted=false, mDeletedTimeMs=-1, mGroup='null', mAudioAttri
butes=AudioAttributes: usage=USAGE_NOTIFICATION content=CONTENT_TYPE_SONIFICATION flags=0x800 tags= bundle=null, mBlock
ableSystem=false, mAllowBubbles=-1, mImportanceLockedByOEM=false, mImportanceLockedDefaultApp=false, mOriginalImp=2, mP
arent=null, mConversationId=null, mDemoted=false, mImportantConvo=false}
          NotificationChannel{mId='1', mName=订阅, mDescription=, mImportance=4, mBypassDnd=false, mLockscreenVisibility=
-1000, mSound=null, mLights=false, mLightColor=0, mVibration=null, mUserLockedFields=0, mFgServiceShown=false, mVibrati
onEnabled=false, mShowBadge=true, mDeleted=false, mDeletedTimeMs=-1, mGroup='null', mAudioAttributes=AudioAttributes: u
sage=USAGE_NOTIFICATION content=CONTENT_TYPE_SONIFICATION flags=0x800 tags= bundle=null, mBlockableSystem=false, mAllow
Bubbles=-1, mImportanceLockedByOEM=false, mImportanceLockedDefaultApp=false, mOriginalImp=4, mParent=null, mConversatio
nId=null, mDemoted=false, mImportantConvo=false}
          NotificationChannel{mId='2', mName=直播, mDescription=, mImportance=4, mBypassDnd=false, mLockscreenVisibility=
-1000, mSound=content://settings/system/notification_sound, mLights=false, mLightColor=0, mVibration=null, mUserLockedF
ields=0, mFgServiceShown=false, mVibrationEnabled=false, mShowBadge=true, mDeleted=false, mDeletedTimeMs=-1, mGroup='nu
ll', mAudioAttributes=AudioAttributes: usage=USAGE_NOTIFICATION content=CONTENT_TYPE_SONIFICATION flags=0x800 tags= bun
dle=null, mBlockableSystem=false, mAllowBubbles=-1, mImportanceLockedByOEM=false, mImportanceLockedDefaultApp=false, mO
riginalImp=4, mParent=null, mConversationId=null, mDemoted=false, mImportantConvo=false}
          NotificationChannel{mId='3', mName=评论和回复, mDescription=, mImportance=3, mBypassDnd=false, mLockscreenVisibili
ty=-1000, mSound=null, mLights=false, mLightColor=0, mVibration=null, mUserLockedFields=0, mFgServiceShown=false, mVibr
ationEnabled=false, mShowBadge=true, mDeleted=false, mDeletedTimeMs=-1, mGroup='null', mAudioAttributes=AudioAttributes
: usage=USAGE_NOTIFICATION content=CONTENT_TYPE_SONIFICATION flags=0x800 tags= bundle=null, mBlockableSystem=false, mAl
lowBubbles=-1, mImportanceLockedByOEM=false, mImportanceLockedDefaultApp=false, mOriginalImp=3, mParent=null, mConversa
tionId=null, mDemoted=false, mImportantConvo=false}
          NotificationChannel{mId='5', mName=推荐内容, mDescription=, mImportance=2, mBypassDnd=false, mLockscreenVisibilit
y=-1000, mSound=null, mLights=false, mLightColor=0, mVibration=null, mUserLockedFields=0, mFgServiceShown=false, mVibra
tionEnabled=false, mShowBadge=true, mDeleted=false, mDeletedTimeMs=-1, mGroup='null', mAudioAttributes=AudioAttributes:
 usage=USAGE_NOTIFICATION content=CONTENT_TYPE_SONIFICATION flags=0x800 tags= bundle=null, mBlockableSystem=false, mAll
owBubbles=-1, mImportanceLockedByOEM=false, mImportanceLockedDefaultApp=false, mOriginalImp=2, mParent=null, mConversat
ionId=null, mDemoted=false, mImportantConvo=false}
          NotificationChannel{mId='6', mName=产品最新动态, mDescription=, mImportance=2, mBypassDnd=false, mLockscreenVisibil
ity=-1000, mSound=null, mLights=false, mLightColor=0, mVibration=null, mUserLockedFields=0, mFgServiceShown=false, mVib
rationEnabled=false, mShowBadge=true, mDeleted=false, mDeletedTimeMs=-1, mGroup='null', mAudioAttributes=AudioAttribute
s: usage=USAGE_NOTIFICATION content=CONTENT_TYPE_SONIFICATION flags=0x800 tags= bundle=null, mBlockableSystem=false, mA
llowBubbles=-1, mImportanceLockedByOEM=false, mImportanceLockedDefaultApp=false, mOriginalImp=2, mParent=null, mConvers
ationId=null, mDemoted=false, mImportantConvo=false}
          NotificationChannel{mId='7', mName=锁定屏幕媒体控件, mDescription=, mImportance=2, mBypassDnd=false, mLockscreenVisib
ility=-1000, mSound=null, mLights=false, mLightColor=0, mVibration=null, mUserLockedFields=0, mFgServiceShown=false, mV
ibrationEnabled=false, mShowBadge=false, mDeleted=false, mDeletedTimeMs=-1, mGroup='null', mAudioAttributes=AudioAttrib
utes: usage=USAGE_NOTIFICATION content=CONTENT_TYPE_SONIFICATION flags=0x800 tags= bundle=null, mBlockableSystem=false,
 mAllowBubbles=-1, mImportanceLockedByOEM=false, mImportanceLockedDefaultApp=false, mOriginalImp=2, mParent=null, mConv
ersationId=null, mDemoted=false, mImportantConvo=false}
          NotificationChannel{mId='10', mName=在移动设备上搜索电视节目, mDescription=, mImportance=4, mBypassDnd=false, mLockscreen
Visibility=-1000, mSound=content://settings/system/notification_sound, mLights=false, mLightColor=0, mVibration=null, m
UserLockedFields=0, mFgServiceShown=false, mVibrationEnabled=false, mShowBadge=true, mDeleted=false, mDeletedTimeMs=-1,
 mGroup='null', mAudioAttributes=AudioAttributes: usage=USAGE_NOTIFICATION content=CONTENT_TYPE_SONIFICATION flags=0x80
0 tags= bundle=null, mBlockableSystem=false, mAllowBubbles=-1, mImportanceLockedByOEM=false, mImportanceLockedDefaultAp
p=false, mOriginalImp=4, mParent=null, mConversationId=null, mDemoted=false, mImportantConvo=false}
>       key='com.autonavi.minimap',
        numEnqueuedByApp=5,
        numPostedByApp=4,
        numUpdatedByApp=1,
        numRemovedByApp=3,
        numPeopleCacheHit=10,
        numWithStaredPeople=0,
        numWithValidPeople=0,
        numPeopleCacheMiss=0,
        numBlocked=0,
        numSuspendedByAdmin=0,
        numWithActions=0,
        numPrivate=5,
        numSecret=0,
        numInterrupt=0,
        numWithBigText=0,
        numWithBigPicture=0
        numForegroundService=5
        numOngoing=5
        numAutoCancel=0
        numWithLargeIcon=5
        numWithInbox=0
        numWithMediaSession=0
        numWithTitle=5
        numWithText=5
        numWithSubText=0
        numWithInfoText=0
        numRateViolations=0
        numAlertViolations=0
        numQuotaViolations=0
        numImagesRemoved=0



===== SAMPLE 16:59:23 =====

>     NotificationRecord(0x032554f6: pkg=com.autonavi.minimap user=UserHandle{0} id=99910001 tag=null importance=2 key=
0|com.autonavi.minimap|99910001|null|10221: Notification(channel=ROUTE_CHANNEL_ID shortcut=null contentView=null vibrat
e=null sound=null tick defaults=0x0 flags=0x62 color=0x00000000 category=navigation groupKey=ranker_group99910001 capsu
leEnableStatus=-1 vis=PRIVATE))
        uid=10221 userId=0
>       opPkg=com.autonavi.minimap
>       icon=Icon(typ=RESOURCE pkg=com.autonavi.minimap id=0x7f08096d)
        flags=0x62
        pri=0
>       key=0|com.autonavi.minimap|99910001|null|10221
        seen=false
>       groupKey=0|com.autonavi.minimap|99910001|null|10221
        notification=
              fullscreenIntent=null
>             contentIntent=PendingIntent{30c50f7: PendingIntentRecord{955f469 com.autonavi.minimap startActivity (allo
wlist: bff4549:+30s0ms/0/NOTIFICATION_SERVICE/NotificationManagerService)}}
              deleteIntent=null
              number=0
              groupAlertBehavior=0
              when=1789721304320
              tickerText=高德地图
              contentView=null
              bigContentView=null
              headsUpContentView=null
              color=0x00000000
              timeout=unknown
              extras={
                  android.title=String (高德地图)
                  android.reduced.images=Boolean (true)
                  android.subText=null
                  android.showChronometer=Boolean (false)
                  android.text=String (正在导航)
                  android.progress=Integer (0)
                  android.progressMax=Integer (0)
                  specialType=String (floating_window_notification)
>                 android.appInfo=ApplicationInfo (ApplicationInfo{2f3eb64 com.autonavi.minimap})
                  android.showWhen=Boolean (true)
                  notification_should_ringtone=Boolean (false)
                  externalChannelType=Integer (3)
                  android.largeIcon=Icon (Icon(typ=BITMAP size=102x102))
                  PopupBackgroundWindowPrevilege=Boolean (false)
                  android.infoText=null
                  topFullscreen=Boolean (false)
                  isRequestSingleLine=Boolean (false)
                  android.progressIndeterminate=Boolean (false)
                  android.remoteInputHistory=null
                  gameDndOn=Boolean (false)
>                 com.autonavi.minimap.navigating=Boolean (true)
              }
        publicNotification=
              None
        stats=SingleNotificationStats{posttimeElapsedMs=2384251038, posttimeToFirstClickMs=-1, posttimeToDismissMs=-1, 
airtimeCount=0, airtimeMs=0, currentAirtimeStartElapsedMs=-1, airtimeExpandedMs=0, posttimeToFirstVisibleExpansionMs=-1
, currentAirtimeExpandedStartElapsedMs=-1, requestedImportance=3, naturalImportance=2, isNoisy=false}
        mContactAffinity=0.0
        mRecentlyIntrusive=false
        mPackagePriority=0
        mPackageVisibility=-1000
        mSystemImportance=UNSPECIFIED
        mAsstImportance=UNSPECIFIED
        mImportance=LOW
        mImportanceExplanation=app
        mIsAppImportanceLocked=false
        mIntercept=false
        mHidden==false
        mGlobalSortKey=crtcl=0x0002:intrsv=1:grnk=0x0006:gsmry=1:nsk:rnk=0x0006
        mRankingTimeMs=1789721304320
        mCreationTimeMs=1789721303462
        mVisibleSinceMs=0
        mUpdateTimeMs=1789721304329
        mInterruptionTimeMs=1789721304329
        mSuppressedVisualEffects= 0
        mSound= null
        mVibration= null
        mAttributes= AudioAttributes: usage=USAGE_NOTIFICATION content=CONTENT_TYPE_SONIFICATION flags=0x800 tags= bund
le=null
        mLight= null
        mShowBadge=true
        mColorized=false
        mAllowBubble=false
        isBubble=false
>       AppSettings: com.autonavi.minimap (10221)
          NotificationChannel{mId='com.huawei.android.pushagent16320', mName=普通通知, mDescription=, mImportance=3, mBypas
sDnd=false, mLockscreenVisibility=-1000, mSound=content://settings/system/notification_sound, mLights=true, mLightColor
=0, mVibration=null, mUserLockedFields=0, mFgServiceShown=false, mVibrationEnabled=true, mShowBadge=true, mDeleted=fals
e, mDeletedTimeMs=-1, mGroup='null', mAudioAttributes=AudioAttributes: usage=USAGE_NOTIFICATION content=CONTENT_TYPE_SO
NIFICATION flags=0x800 tags= bundle=null, mBlockableSystem=false, mAllowBubbles=-1, mImportanceLockedByOEM=false, mImpo
rtanceLockedDefaultApp=false, mOriginalImp=3, mParent=null, mConversationId=null, mDemoted=false, mImportantConvo=false
}
          NotificationChannel{mId='COMMON_CHANNEL_ID', mName=其他通知, mDescription=hasDescription , mImportance=2, mBypass
Dnd=false, mLockscreenVisibility=-1000, mSound=null, mLights=false, mLightColor=0, mVibration=null, mUserLockedFields=2
0, mFgServiceShown=true, mVibrationEnabled=false, mShowBadge=true, mDeleted=false, mDeletedTimeMs=-1, mGroup='COMMON', 
mAudioAttributes=AudioAttributes: usage=USAGE_NOTIFICATION content=CONTENT_TYPE_SONIFICATION flags=0x800 tags= bundle=n
ull, mBlockableSystem=false, mAllowBubbles=-1, mImportanceLockedByOEM=false, mImportanceLockedDefaultApp=false, mOrigin
alImp=2, mParent=null, mConversationId=null, mDemoted=false, mImportantConvo=false}
          NotificationChannel{mId='com.huawei.android.pushagent.low62953', mName=营销通知, mDescription=, mImportance=1, mB
ypassDnd=false, mLockscreenVisibility=-1, mSound=null, mLights=false, mLightColor=0, mVibration=null, mUserLockedFields
=22, mFgServiceShown=false, mVibrationEnabled=false, mShowBadge=true, mDeleted=false, mDeletedTimeMs=-1, mGroup='null',
 mAudioAttributes=AudioAttributes: usage=USAGE_NOTIFICATION content=CONTENT_TYPE_SONIFICATION flags=0x800 tags= bundle=
null, mBlockableSystem=false, mAllowBubbles=-1, mImportanceLockedByOEM=false, mImportanceLockedDefaultApp=false, mOrigi
nalImp=1, mParent=null, mConversationId=null, mDemoted=false, mImportantConvo=false}
          NotificationChannel{mId='ORDER_CHANNEL_ID', mName=订单通知, mDescription=hasDescription , mImportance=2, mBypassD
nd=false, mLockscreenVisibility=-1000, mSound=null, mLights=false, mLightColor=0, mVibration=null, mUserLockedFields=20
, mFgServiceShown=true, mVibrationEnabled=false, mShowBadge=true, mDeleted=false, mDeletedTimeMs=-1, mGroup='ORDER', mA
udioAttributes=AudioAttributes: usage=USAGE_NOTIFICATION content=CONTENT_TYPE_SONIFICATION flags=0x800 tags= bundle=nul
l, mBlockableSystem=false, mAllowBubbles=-1, mImportanceLockedByOEM=false, mImportanceLockedDefaultApp=false, mOriginal
Imp=2, mParent=null, mConversationId=null, mDemoted=false, mImportantConvo=false}
          NotificationChannel{mId='ROUTE_CHANNEL_ID', mName=导航通知, mDescription=hasDescription , mImportance=2, mBypassD
nd=false, mLockscreenVisibility=-1000, mSound=null, mLights=false, mLightColor=0, mVibration=null, mUserLockedFields=20
, mFgServiceShown=true, mVibrationEnabled=false, mShowBadge=true, mDeleted=false, mDeletedTimeMs=-1, mGroup='ROUTE', mA
udioAttributes=AudioAttributes: usage=USAGE_NOTIFICATION content=CONTENT_TYPE_SONIFICATION flags=0x800 tags= bundle=nul
l, mBlockableSystem=false, mAllowBubbles=-1, mImportanceLockedByOEM=false, mImportanceLockedDefaultApp=false, mOriginal
Imp=2, mParent=null, mConversationId=null, mDemoted=false, mImportantConvo=false}
          NotificationChannel{mId='ScreenRecorderService.Channel', mName=录屏服务, mDescription=, mImportance=4, mBypassDnd
=false, mLockscreenVisibility=-1000, mSound=content://settings/system/notification_sound, mLights=false, mLightColor=0,
 mVibration=null, mUserLockedFields=0, mFgServiceShown=true, mVibrationEnabled=false, mShowBadge=true, mDeleted=false, 
mDeletedTimeMs=-1, mGroup='null', mAudioAttributes=AudioAttributes: usage=USAGE_NOTIFICATION content=CONTENT_TYPE_SONIF
ICATION flags=0x800 tags= bundle=null, mBlockableSystem=false, mAllowBubbles=-1, mImportanceLockedByOEM=false, mImporta
nceLockedDefaultApp=false, mOriginalImp=4, mParent=null, mConversationId=null, mDemoted=false, mImportantConvo=false}
          NotificationChannelGroup{mId='ROUTE', mName=导航通知, mDescription=, mBlocked=false, mChannels=[], mUserLockedFie
lds=0}
          NotificationChannelGroup{mId='ORDER', mName=订单通知, mDescription=, mBlocked=false, mChannels=[], mUserLockedFie
lds=0}
          NotificationChannelGroup{mId='COMMON', mName=常规通知, mDescription=, mBlocked=false, mChannels=[], mUserLockedFi
elds=0}
        AppSettings: com.android.systemui (10084)
          NotificationChannel{mId='trafficnotification', mName=流量显示, mDescription=, mImportance=1, mBypassDnd=false, mL
ockscreenVisibility=-1000, mSound=content://settings/system/notification_sound, mLights=false, mLightColor=0, mVibratio
n=null, mUserLockedFields=0, mFgServiceShown=false, mVibrationEnabled=false, mShowBadge=true, mDeleted=false, mDeletedT
imeMs=-1, mGroup='null', mAudioAttributes=AudioAttributes: usage=USAGE_NOTIFICATION content=CONTENT_TYPE_SONIFICATION f
lags=0x800 tags= bundle=null, mBlockableSystem=false, mAllowBubbles=-1, mImportanceLockedByOEM=false, mImportanceLocked
DefaultApp=false, mOriginalImp=1, mParent=null, mConversationId=null, mDemoted=false, mImportantConvo=false}
          NotificationChannel{mId='ALR', mName=提醒, mDescription=, mImportance=4, mBypassDnd=false, mLockscreenVisibilit
y=-1000, mSound=content://settings/system/notification_sound, mLights=false, mLightColor=0, mVibration=null, mUserLocke
dFields=0, mFgServiceShown=false, mVibrationEnabled=false, mShowBadge=true, mDeleted=false, mDeletedTimeMs=-1, mGroup='
null', mAudioAttributes=AudioAttributes: usage=USAGE_NOTIFICATION content=CONTENT_TYPE_SONIFICATION flags=0x800 tags= b
undle=null, mBlockableSystem=false, mAllowBubbles=-1, mImportanceLockedByOEM=false, mImportanceLockedDefaultApp=false, 
mOriginalImp=4, mParent=null, mConversationId=null, mDemoted=false, mImportantConvo=false}
          NotificationChannel{mId='BAT', mName=电池, mDescription=, mImportance=5, mBypassDnd=false, mLockscreenVisibilit
y=-1000, mSound=file:///system/media/audio/ui/LowBattery.ogg, mLights=false, mLightColor=0, mVibration=null, mUserLocke
dFields=0, mFgServiceShown=false, mVibrationEnabled=false, mShowBadge=true, mDeleted=false, mDeletedTimeMs=-1, mGroup='
null', mAudioAttributes=AudioAttributes: usage=USAGE_NOTIFICATION_EVENT content=CONTENT_TYPE_SONIFICATION flags=0x800 t
ags= bundle=null, mBlockableSystem=true, mAllowBubbles=-1, mImportanceLockedByOEM=false, mImportanceLockedDefaultApp=fa
lse, mOriginalImp=5, mParent=null, mConversationId=null, mDemoted=false, mImportantConvo=false}
          NotificationChannel{mId='DSK', mName=存储空间, mDescription=, mImportance=2, mBypassDnd=false, mLockscreenVisibil
ity=-1000, mSound=content://settings/system/notification_sound, mLights=false, mLightColor=0, mVibration=null, mUserLoc
kedFields=0, mFgServiceShown=false, mVibrationEnabled=false, mShowBadge=true, mDeleted=false, mDeletedTimeMs=-1, mGroup
='null', mAudioAttributes=AudioAttributes: usage=USAGE_NOTIFICATION content=CONTENT_TYPE_SONIFICATION flags=0x800 tags=
 bundle=null, mBlockableSystem=false, mAllowBubbles=-1, mImportanceLockedByOEM=false, mImportanceLockedDefaultApp=false
, mOriginalImp=2, mParent=null, mConversationId=null, mDemoted=false, mImportantConvo=false}
          NotificationChannel{mId='FLA', mName=手电筒, mDescription=, mImportance=3, mBypassDnd=false, mLockscreenVisibili
ty=-1000, mSound=null, mLights=false, mLightColor=0, mVibration=null, mUserLockedFields=0, mFgServiceShown=false, mVibr
ationEnabled=false, mShowBadge=true, mDeleted=false, mDeletedTimeMs=-1, mGroup='null', mAudioAttributes=AudioAttributes
: usage=USAGE_NOTIFICATION content=CONTENT_TYPE_SONIFICATION flags=0x800 tags= bundle=null, mBlockableSystem=false, mAl
lowBubbles=-1, mImportanceLockedByOEM=false, mImportanceLockedDefaultApp=false, mOriginalImp=3, mParent=null, mConversa
tionId=null, mDemoted=false, mImportantConvo=false}
          NotificationChannel{mId='GEN', mName=常规消息, mDescription=, mImportance=1, mBypassDnd=false, mLockscreenVisibil
ity=-1000, mSound=content://settings/system/notification_sound, mLights=false, mLightColor=0, mVibration=null, mUserLoc
kedFields=0, mFgServiceShown=false, mVibrationEnabled=false, mShowBadge=true, mDeleted=false, mDeletedTimeMs=-1, mGroup
='null', mAudioAttributes=AudioAttributes: usage=USAGE_NOTIFICATION content=CONTENT_TYPE_SONIFICATION flags=0x800 tags=
 bundle=null, mBlockableSystem=false, mAllowBubbles=-1, mImportanceLockedByOEM=false, mImportanceLockedDefaultApp=false
, mOriginalImp=1, mParent=null, mConversationId=null, mDemoted=false, mImportantConvo=false}
          NotificationChannel{mId='HNT', mName=提示, mDescription=, mImportance=3, mBypassDnd=false, mLockscreenVisibilit
y=-1000, mSound=content://settings/system/notification_sound, mLights=false, mLightColor=0, mVibration=null, mUserLocke
dFields=0, mFgServiceShown=false, mVibrationEnabled=false, mShowBadge=true, mDeleted=false, mDeletedTimeMs=-1, mGroup='
null', mAudioAttributes=AudioAttributes: usage=USAGE_NOTIFICATION content=CONTENT_TYPE_SONIFICATION flags=0x800 tags= b
undle=null, mBlockableSystem=false, mAllowBubbles=-1, mImportanceLockedByOEM=false, mImportanceLockedDefaultApp=false, 
mOriginalImp=3, mParent=null, mConversationId=null, mDemoted=false, mImportantConvo=false}
          NotificationChannel{mId='SCN_HEADSUP', mName=屏幕截图, mDescription=, mImportance=4, mBypassDnd=false, mLockscree
nVisibility=-1000, mSound=null, mLights=false, mLightColor=0, mVibration=null, mUserLockedFields=0, mFgServiceShown=fal
se, mVibrationEnabled=false, mShowBadge=true, mDeleted=false, mDeletedTimeMs=-1, mGroup='null', mAudioAttributes=AudioA
ttributes: usage=USAGE_NOTIFICATION content=CONTENT_TYPE_UNKNOWN flags=0x800 tags= bundle=null, mBlockableSystem=true, 
mAllowBubbles=-1, mImportanceLockedByOEM=false, mImportanceLockedDefaultApp=false, mOriginalImp=4, mParent=null, mConve
rsationId=null, mDemoted=false, mImportantConvo=false}
        AppSettings: com.android.nfc (1027)
          NotificationChannel{mId='HwTagDispatchService', mName=HwTagDispatchService, mDescription=, mImportance=4, mBy
passDnd=false, mLockscreenVisibility=-1000, mSound=content://settings/system/notification_sound, mLights=false, mLightC
olor=0, mVibration=null, mUserLockedFields=0, mFgServiceShown=false, mVibrationEnabled=false, mShowBadge=true, mDeleted
=false, mDeletedTimeMs=-1, mGroup='null', mAudioAttributes=AudioAttributes: usage=USAGE_NOTIFICATION content=CONTENT_TY
PE_SONIFICATION flags=0x800 tags= bundle=null, mBlockableSystem=false, mAllowBubbles=-1, mImportanceLockedByOEM=false, 
mImportanceLockedDefaultApp=false, mOriginalImp=4, mParent=null, mConversationId=null, mDemoted=false, mImportantConvo=
false}
        AppSettings: com.hqjy.zikao.student (10208)
        AppSettings: com.google.android.youtube (10282)
          NotificationChannel{mId='generic_notifications', mName=一般通知, mDescription=, mImportance=2, mBypassDnd=false, 
mLockscreenVisibility=-1000, mSound=null, mLights=false, mLightColor=0, mVibration=null, mUserLockedFields=20, mFgServi
ceShown=false, mVibrationEnabled=false, mShowBadge=false, mDeleted=false, mDeletedTimeMs=-1, mGroup='null', mAudioAttri
butes=AudioAttributes: usage=USAGE_NOTIFICATION content=CONTENT_TYPE_SONIFICATION flags=0x800 tags= bundle=null, mBlock
ableSystem=false, mAllowBubbles=-1, mImportanceLockedByOEM=false, mImportanceLockedDefaultApp=false, mOriginalImp=2, mP
arent=null, mConversationId=null, mDemoted=false, mImportantConvo=false}
          NotificationChannel{mId='1', mName=订阅, mDescription=, mImportance=4, mBypassDnd=false, mLockscreenVisibility=
-1000, mSound=null, mLights=false, mLightColor=0, mVibration=null, mUserLockedFields=0, mFgServiceShown=false, mVibrati
onEnabled=false, mShowBadge=true, mDeleted=false, mDeletedTimeMs=-1, mGroup='null', mAudioAttributes=AudioAttributes: u
sage=USAGE_NOTIFICATION content=CONTENT_TYPE_SONIFICATION flags=0x800 tags= bundle=null, mBlockableSystem=false, mAllow
Bubbles=-1, mImportanceLockedByOEM=false, mImportanceLockedDefaultApp=false, mOriginalImp=4, mParent=null, mConversatio
nId=null, mDemoted=false, mImportantConvo=false}
          NotificationChannel{mId='2', mName=直播, mDescription=, mImportance=4, mBypassDnd=false, mLockscreenVisibility=
-1000, mSound=content://settings/system/notification_sound, mLights=false, mLightColor=0, mVibration=null, mUserLockedF
ields=0, mFgServiceShown=false, mVibrationEnabled=false, mShowBadge=true, mDeleted=false, mDeletedTimeMs=-1, mGroup='nu
ll', mAudioAttributes=AudioAttributes: usage=USAGE_NOTIFICATION content=CONTENT_TYPE_SONIFICATION flags=0x800 tags= bun
dle=null, mBlockableSystem=false, mAllowBubbles=-1, mImportanceLockedByOEM=false, mImportanceLockedDefaultApp=false, mO
riginalImp=4, mParent=null, mConversationId=null, mDemoted=false, mImportantConvo=false}
          NotificationChannel{mId='3', mName=评论和回复, mDescription=, mImportance=3, mBypassDnd=false, mLockscreenVisibili
ty=-1000, mSound=null, mLights=false, mLightColor=0, mVibration=null, mUserLockedFields=0, mFgServiceShown=false, mVibr
ationEnabled=false, mShowBadge=true, mDeleted=false, mDeletedTimeMs=-1, mGroup='null', mAudioAttributes=AudioAttributes
: usage=USAGE_NOTIFICATION content=CONTENT_TYPE_SONIFICATION flags=0x800 tags= bundle=null, mBlockableSystem=false, mAl
lowBubbles=-1, mImportanceLockedByOEM=false, mImportanceLockedDefaultApp=false, mOriginalImp=3, mParent=null, mConversa
tionId=null, mDemoted=false, mImportantConvo=false}
          NotificationChannel{mId='5', mName=推荐内容, mDescription=, mImportance=2, mBypassDnd=false, mLockscreenVisibilit
y=-1000, mSound=null, mLights=false, mLightColor=0, mVibration=null, mUserLockedFields=0, mFgServiceShown=false, mVibra
tionEnabled=false, mShowBadge=true, mDeleted=false, mDeletedTimeMs=-1, mGroup='null', mAudioAttributes=AudioAttributes:
 usage=USAGE_NOTIFICATION content=CONTENT_TYPE_SONIFICATION flags=0x800 tags= bundle=null, mBlockableSystem=false, mAll
owBubbles=-1, mImportanceLockedByOEM=false, mImportanceLockedDefaultApp=false, mOriginalImp=2, mParent=null, mConversat
ionId=null, mDemoted=false, mImportantConvo=false}
          NotificationChannel{mId='6', mName=产品最新动态, mDescription=, mImportance=2, mBypassDnd=false, mLockscreenVisibil
ity=-1000, mSound=null, mLights=false, mLightColor=0, mVibration=null, mUserLockedFields=0, mFgServiceShown=false, mVib
rationEnabled=false, mShowBadge=true, mDeleted=false, mDeletedTimeMs=-1, mGroup='null', mAudioAttributes=AudioAttribute
s: usage=USAGE_NOTIFICATION content=CONTENT_TYPE_SONIFICATION flags=0x800 tags= bundle=null, mBlockableSystem=false, mA
llowBubbles=-1, mImportanceLockedByOEM=false, mImportanceLockedDefaultApp=false, mOriginalImp=2, mParent=null, mConvers
ationId=null, mDemoted=false, mImportantConvo=false}
          NotificationChannel{mId='7', mName=锁定屏幕媒体控件, mDescription=, mImportance=2, mBypassDnd=false, mLockscreenVisib
ility=-1000, mSound=null, mLights=false, mLightColor=0, mVibration=null, mUserLockedFields=0, mFgServiceShown=false, mV
ibrationEnabled=false, mShowBadge=false, mDeleted=false, mDeletedTimeMs=-1, mGroup='null', mAudioAttributes=AudioAttrib
utes: usage=USAGE_NOTIFICATION content=CONTENT_TYPE_SONIFICATION flags=0x800 tags= bundle=null, mBlockableSystem=false,
 mAllowBubbles=-1, mImportanceLockedByOEM=false, mImportanceLockedDefaultApp=false, mOriginalImp=2, mParent=null, mConv
ersationId=null, mDemoted=false, mImportantConvo=false}
          NotificationChannel{mId='10', mName=在移动设备上搜索电视节目, mDescription=, mImportance=4, mBypassDnd=false, mLockscreen
Visibility=-1000, mSound=content://settings/system/notification_sound, mLights=false, mLightColor=0, mVibration=null, m
UserLockedFields=0, mFgServiceShown=false, mVibrationEnabled=false, mShowBadge=true, mDeleted=false, mDeletedTimeMs=-1,
 mGroup='null', mAudioAttributes=AudioAttributes: usage=USAGE_NOTIFICATION content=CONTENT_TYPE_SONIFICATION flags=0x80
0 tags= bundle=null, mBlockableSystem=false, mAllowBubbles=-1, mImportanceLockedByOEM=false, mImportanceLockedDefaultAp
p=false, mOriginalImp=4, mParent=null, mConversationId=null, mDemoted=false, mImportantConvo=false}
>       key='com.autonavi.minimap',
        numEnqueuedByApp=5,
        numPostedByApp=4,
        numUpdatedByApp=1,
        numRemovedByApp=3,
        numPeopleCacheHit=10,
        numWithStaredPeople=0,
        numWithValidPeople=0,
        numPeopleCacheMiss=0,
        numBlocked=0,
        numSuspendedByAdmin=0,
        numWithActions=0,
        numPrivate=5,
        numSecret=0,
        numInterrupt=0,
        numWithBigText=0,
        numWithBigPicture=0
        numForegroundService=5
        numOngoing=5
        numAutoCancel=0
        numWithLargeIcon=5
        numWithInbox=0
        numWithMediaSession=0
        numWithTitle=5
        numWithText=5
        numWithSubText=0
        numWithInfoText=0
        numRateViolations=0
        numAlertViolations=0
        numQuotaViolations=0
        numImagesRemoved=0



===== SAMPLE 16:59:26 =====

>     NotificationRecord(0x032554f6: pkg=com.autonavi.minimap user=UserHandle{0} id=99910001 tag=null importance=2 key=
0|com.autonavi.minimap|99910001|null|10221: Notification(channel=ROUTE_CHANNEL_ID shortcut=null contentView=null vibrat
e=null sound=null tick defaults=0x0 flags=0x62 color=0x00000000 category=navigation groupKey=ranker_group99910001 capsu
leEnableStatus=-1 vis=PRIVATE))
        uid=10221 userId=0
>       opPkg=com.autonavi.minimap
>       icon=Icon(typ=RESOURCE pkg=com.autonavi.minimap id=0x7f08096d)
        flags=0x62
        pri=0
>       key=0|com.autonavi.minimap|99910001|null|10221
        seen=false
>       groupKey=0|com.autonavi.minimap|99910001|null|10221
        notification=
              fullscreenIntent=null
>             contentIntent=PendingIntent{30c50f7: PendingIntentRecord{955f469 com.autonavi.minimap startActivity (allo
wlist: bff4549:+30s0ms/0/NOTIFICATION_SERVICE/NotificationManagerService)}}
              deleteIntent=null
              number=0
              groupAlertBehavior=0
              when=1789721304320
              tickerText=高德地图
              contentView=null
              bigContentView=null
              headsUpContentView=null
              color=0x00000000
              timeout=unknown
              extras={
                  android.title=String (高德地图)
                  android.reduced.images=Boolean (true)
                  android.subText=null
                  android.showChronometer=Boolean (false)
                  android.text=String (正在导航)
                  android.progress=Integer (0)
                  android.progressMax=Integer (0)
                  specialType=String (floating_window_notification)
>                 android.appInfo=ApplicationInfo (ApplicationInfo{2f3eb64 com.autonavi.minimap})
                  android.showWhen=Boolean (true)
                  notification_should_ringtone=Boolean (false)
                  externalChannelType=Integer (3)
                  android.largeIcon=Icon (Icon(typ=BITMAP size=102x102))
                  PopupBackgroundWindowPrevilege=Boolean (false)
                  android.infoText=null
                  topFullscreen=Boolean (false)
                  isRequestSingleLine=Boolean (false)
                  android.progressIndeterminate=Boolean (false)
                  android.remoteInputHistory=null
                  gameDndOn=Boolean (false)
>                 com.autonavi.minimap.navigating=Boolean (true)
              }
        publicNotification=
              None
        stats=SingleNotificationStats{posttimeElapsedMs=2384251038, posttimeToFirstClickMs=-1, posttimeToDismissMs=-1, 
airtimeCount=0, airtimeMs=0, currentAirtimeStartElapsedMs=-1, airtimeExpandedMs=0, posttimeToFirstVisibleExpansionMs=-1
, currentAirtimeExpandedStartElapsedMs=-1, requestedImportance=3, naturalImportance=2, isNoisy=false}
        mContactAffinity=0.0
        mRecentlyIntrusive=false
        mPackagePriority=0
        mPackageVisibility=-1000
        mSystemImportance=UNSPECIFIED
        mAsstImportance=UNSPECIFIED
        mImportance=LOW
        mImportanceExplanation=app
        mIsAppImportanceLocked=false
        mIntercept=false
        mHidden==false
        mGlobalSortKey=crtcl=0x0002:intrsv=1:grnk=0x0006:gsmry=1:nsk:rnk=0x0006
        mRankingTimeMs=1789721304320
        mCreationTimeMs=1789721303462
        mVisibleSinceMs=0
        mUpdateTimeMs=1789721304329
        mInterruptionTimeMs=1789721304329
        mSuppressedVisualEffects= 0
        mSound= null
        mVibration= null
        mAttributes= AudioAttributes: usage=USAGE_NOTIFICATION content=CONTENT_TYPE_SONIFICATION flags=0x800 tags= bund
le=null
        mLight= null
        mShowBadge=true
        mColorized=false
        mAllowBubble=false
        isBubble=false
>       AppSettings: com.autonavi.minimap (10221)
          NotificationChannel{mId='com.huawei.android.pushagent16320', mName=普通通知, mDescription=, mImportance=3, mBypas
sDnd=false, mLockscreenVisibility=-1000, mSound=content://settings/system/notification_sound, mLights=true, mLightColor
=0, mVibration=null, mUserLockedFields=0, mFgServiceShown=false, mVibrationEnabled=true, mShowBadge=true, mDeleted=fals
e, mDeletedTimeMs=-1, mGroup='null', mAudioAttributes=AudioAttributes: usage=USAGE_NOTIFICATION content=CONTENT_TYPE_SO
NIFICATION flags=0x800 tags= bundle=null, mBlockableSystem=false, mAllowBubbles=-1, mImportanceLockedByOEM=false, mImpo
rtanceLockedDefaultApp=false, mOriginalImp=3, mParent=null, mConversationId=null, mDemoted=false, mImportantConvo=false
}
          NotificationChannel{mId='COMMON_CHANNEL_ID', mName=其他通知, mDescription=hasDescription , mImportance=2, mBypass
Dnd=false, mLockscreenVisibility=-1000, mSound=null, mLights=false, mLightColor=0, mVibration=null, mUserLockedFields=2
0, mFgServiceShown=true, mVibrationEnabled=false, mShowBadge=true, mDeleted=false, mDeletedTimeMs=-1, mGroup='COMMON', 
mAudioAttributes=AudioAttributes: usage=USAGE_NOTIFICATION content=CONTENT_TYPE_SONIFICATION flags=0x800 tags= bundle=n
ull, mBlockableSystem=false, mAllowBubbles=-1, mImportanceLockedByOEM=false, mImportanceLockedDefaultApp=false, mOrigin
alImp=2, mParent=null, mConversationId=null, mDemoted=false, mImportantConvo=false}
          NotificationChannel{mId='com.huawei.android.pushagent.low62953', mName=营销通知, mDescription=, mImportance=1, mB
ypassDnd=false, mLockscreenVisibility=-1, mSound=null, mLights=false, mLightColor=0, mVibration=null, mUserLockedFields
=22, mFgServiceShown=false, mVibrationEnabled=false, mShowBadge=true, mDeleted=false, mDeletedTimeMs=-1, mGroup='null',
 mAudioAttributes=AudioAttributes: usage=USAGE_NOTIFICATION content=CONTENT_TYPE_SONIFICATION flags=0x800 tags= bundle=
null, mBlockableSystem=false, mAllowBubbles=-1, mImportanceLockedByOEM=false, mImportanceLockedDefaultApp=false, mOrigi
nalImp=1, mParent=null, mConversationId=null, mDemoted=false, mImportantConvo=false}
          NotificationChannel{mId='ORDER_CHANNEL_ID', mName=订单通知, mDescription=hasDescription , mImportance=2, mBypassD
nd=false, mLockscreenVisibility=-1000, mSound=null, mLights=false, mLightColor=0, mVibration=null, mUserLockedFields=20
, mFgServiceShown=true, mVibrationEnabled=false, mShowBadge=true, mDeleted=false, mDeletedTimeMs=-1, mGroup='ORDER', mA
udioAttributes=AudioAttributes: usage=USAGE_NOTIFICATION content=CONTENT_TYPE_SONIFICATION flags=0x800 tags= bundle=nul
l, mBlockableSystem=false, mAllowBubbles=-1, mImportanceLockedByOEM=false, mImportanceLockedDefaultApp=false, mOriginal
Imp=2, mParent=null, mConversationId=null, mDemoted=false, mImportantConvo=false}
          NotificationChannel{mId='ROUTE_CHANNEL_ID', mName=导航通知, mDescription=hasDescription , mImportance=2, mBypassD
nd=false, mLockscreenVisibility=-1000, mSound=null, mLights=false, mLightColor=0, mVibration=null, mUserLockedFields=20
, mFgServiceShown=true, mVibrationEnabled=false, mShowBadge=true, mDeleted=false, mDeletedTimeMs=-1, mGroup='ROUTE', mA
udioAttributes=AudioAttributes: usage=USAGE_NOTIFICATION content=CONTENT_TYPE_SONIFICATION flags=0x800 tags= bundle=nul
l, mBlockableSystem=false, mAllowBubbles=-1, mImportanceLockedByOEM=false, mImportanceLockedDefaultApp=false, mOriginal
Imp=2, mParent=null, mConversationId=null, mDemoted=false, mImportantConvo=false}
          NotificationChannel{mId='ScreenRecorderService.Channel', mName=录屏服务, mDescription=, mImportance=4, mBypassDnd
=false, mLockscreenVisibility=-1000, mSound=content://settings/system/notification_sound, mLights=false, mLightColor=0,
 mVibration=null, mUserLockedFields=0, mFgServiceShown=true, mVibrationEnabled=false, mShowBadge=true, mDeleted=false, 
mDeletedTimeMs=-1, mGroup='null', mAudioAttributes=AudioAttributes: usage=USAGE_NOTIFICATION content=CONTENT_TYPE_SONIF
ICATION flags=0x800 tags= bundle=null, mBlockableSystem=false, mAllowBubbles=-1, mImportanceLockedByOEM=false, mImporta
nceLockedDefaultApp=false, mOriginalImp=4, mParent=null, mConversationId=null, mDemoted=false, mImportantConvo=false}
          NotificationChannelGroup{mId='ROUTE', mName=导航通知, mDescription=, mBlocked=false, mChannels=[], mUserLockedFie
lds=0}
          NotificationChannelGroup{mId='ORDER', mName=订单通知, mDescription=, mBlocked=false, mChannels=[], mUserLockedFie
lds=0}
          NotificationChannelGroup{mId='COMMON', mName=常规通知, mDescription=, mBlocked=false, mChannels=[], mUserLockedFi
elds=0}
        AppSettings: com.android.systemui (10084)
          NotificationChannel{mId='trafficnotification', mName=流量显示, mDescription=, mImportance=1, mBypassDnd=false, mL
ockscreenVisibility=-1000, mSound=content://settings/system/notification_sound, mLights=false, mLightColor=0, mVibratio
n=null, mUserLockedFields=0, mFgServiceShown=false, mVibrationEnabled=false, mShowBadge=true, mDeleted=false, mDeletedT
imeMs=-1, mGroup='null', mAudioAttributes=AudioAttributes: usage=USAGE_NOTIFICATION content=CONTENT_TYPE_SONIFICATION f
lags=0x800 tags= bundle=null, mBlockableSystem=false, mAllowBubbles=-1, mImportanceLockedByOEM=false, mImportanceLocked
DefaultApp=false, mOriginalImp=1, mParent=null, mConversationId=null, mDemoted=false, mImportantConvo=false}
          NotificationChannel{mId='ALR', mName=提醒, mDescription=, mImportance=4, mBypassDnd=false, mLockscreenVisibilit
y=-1000, mSound=content://settings/system/notification_sound, mLights=false, mLightColor=0, mVibration=null, mUserLocke
dFields=0, mFgServiceShown=false, mVibrationEnabled=false, mShowBadge=true, mDeleted=false, mDeletedTimeMs=-1, mGroup='
null', mAudioAttributes=AudioAttributes: usage=USAGE_NOTIFICATION content=CONTENT_TYPE_SONIFICATION flags=0x800 tags= b
undle=null, mBlockableSystem=false, mAllowBubbles=-1, mImportanceLockedByOEM=false, mImportanceLockedDefaultApp=false, 
mOriginalImp=4, mParent=null, mConversationId=null, mDemoted=false, mImportantConvo=false}
          NotificationChannel{mId='BAT', mName=电池, mDescription=, mImportance=5, mBypassDnd=false, mLockscreenVisibilit
y=-1000, mSound=file:///system/media/audio/ui/LowBattery.ogg, mLights=false, mLightColor=0, mVibration=null, mUserLocke
dFields=0, mFgServiceShown=false, mVibrationEnabled=false, mShowBadge=true, mDeleted=false, mDeletedTimeMs=-1, mGroup='
null', mAudioAttributes=AudioAttributes: usage=USAGE_NOTIFICATION_EVENT content=CONTENT_TYPE_SONIFICATION flags=0x800 t
ags= bundle=null, mBlockableSystem=true, mAllowBubbles=-1, mImportanceLockedByOEM=false, mImportanceLockedDefaultApp=fa
lse, mOriginalImp=5, mParent=null, mConversationId=null, mDemoted=false, mImportantConvo=false}
          NotificationChannel{mId='DSK', mName=存储空间, mDescription=, mImportance=2, mBypassDnd=false, mLockscreenVisibil
ity=-1000, mSound=content://settings/system/notification_sound, mLights=false, mLightColor=0, mVibration=null, mUserLoc
kedFields=0, mFgServiceShown=false, mVibrationEnabled=false, mShowBadge=true, mDeleted=false, mDeletedTimeMs=-1, mGroup
='null', mAudioAttributes=AudioAttributes: usage=USAGE_NOTIFICATION content=CONTENT_TYPE_SONIFICATION flags=0x800 tags=
 bundle=null, mBlockableSystem=false, mAllowBubbles=-1, mImportanceLockedByOEM=false, mImportanceLockedDefaultApp=false
, mOriginalImp=2, mParent=null, mConversationId=null, mDemoted=false, mImportantConvo=false}
          NotificationChannel{mId='FLA', mName=手电筒, mDescription=, mImportance=3, mBypassDnd=false, mLockscreenVisibili
ty=-1000, mSound=null, mLights=false, mLightColor=0, mVibration=null, mUserLockedFields=0, mFgServiceShown=false, mVibr
ationEnabled=false, mShowBadge=true, mDeleted=false, mDeletedTimeMs=-1, mGroup='null', mAudioAttributes=AudioAttributes
: usage=USAGE_NOTIFICATION content=CONTENT_TYPE_SONIFICATION flags=0x800 tags= bundle=null, mBlockableSystem=false, mAl
lowBubbles=-1, mImportanceLockedByOEM=false, mImportanceLockedDefaultApp=false, mOriginalImp=3, mParent=null, mConversa
tionId=null, mDemoted=false, mImportantConvo=false}
          NotificationChannel{mId='GEN', mName=常规消息, mDescription=, mImportance=1, mBypassDnd=false, mLockscreenVisibil
ity=-1000, mSound=content://settings/system/notification_sound, mLights=false, mLightColor=0, mVibration=null, mUserLoc
kedFields=0, mFgServiceShown=false, mVibrationEnabled=false, mShowBadge=true, mDeleted=false, mDeletedTimeMs=-1, mGroup
='null', mAudioAttributes=AudioAttributes: usage=USAGE_NOTIFICATION content=CONTENT_TYPE_SONIFICATION flags=0x800 tags=
 bundle=null, mBlockableSystem=false, mAllowBubbles=-1, mImportanceLockedByOEM=false, mImportanceLockedDefaultApp=false
, mOriginalImp=1, mParent=null, mConversationId=null, mDemoted=false, mImportantConvo=false}
          NotificationChannel{mId='HNT', mName=提示, mDescription=, mImportance=3, mBypassDnd=false, mLockscreenVisibilit
y=-1000, mSound=content://settings/system/notification_sound, mLights=false, mLightColor=0, mVibration=null, mUserLocke
dFields=0, mFgServiceShown=false, mVibrationEnabled=false, mShowBadge=true, mDeleted=false, mDeletedTimeMs=-1, mGroup='
null', mAudioAttributes=AudioAttributes: usage=USAGE_NOTIFICATION content=CONTENT_TYPE_SONIFICATION flags=0x800 tags= b
undle=null, mBlockableSystem=false, mAllowBubbles=-1, mImportanceLockedByOEM=false, mImportanceLockedDefaultApp=false, 
mOriginalImp=3, mParent=null, mConversationId=null, mDemoted=false, mImportantConvo=false}
          NotificationChannel{mId='SCN_HEADSUP', mName=屏幕截图, mDescription=, mImportance=4, mBypassDnd=false, mLockscree
nVisibility=-1000, mSound=null, mLights=false, mLightColor=0, mVibration=null, mUserLockedFields=0, mFgServiceShown=fal
se, mVibrationEnabled=false, mShowBadge=true, mDeleted=false, mDeletedTimeMs=-1, mGroup='null', mAudioAttributes=AudioA
ttributes: usage=USAGE_NOTIFICATION content=CONTENT_TYPE_UNKNOWN flags=0x800 tags= bundle=null, mBlockableSystem=true, 
mAllowBubbles=-1, mImportanceLockedByOEM=false, mImportanceLockedDefaultApp=false, mOriginalImp=4, mParent=null, mConve
rsationId=null, mDemoted=false, mImportantConvo=false}
        AppSettings: com.android.nfc (1027)
          NotificationChannel{mId='HwTagDispatchService', mName=HwTagDispatchService, mDescription=, mImportance=4, mBy
passDnd=false, mLockscreenVisibility=-1000, mSound=content://settings/system/notification_sound, mLights=false, mLightC
olor=0, mVibration=null, mUserLockedFields=0, mFgServiceShown=false, mVibrationEnabled=false, mShowBadge=true, mDeleted
=false, mDeletedTimeMs=-1, mGroup='null', mAudioAttributes=AudioAttributes: usage=USAGE_NOTIFICATION content=CONTENT_TY
PE_SONIFICATION flags=0x800 tags= bundle=null, mBlockableSystem=false, mAllowBubbles=-1, mImportanceLockedByOEM=false, 
mImportanceLockedDefaultApp=false, mOriginalImp=4, mParent=null, mConversationId=null, mDemoted=false, mImportantConvo=
false}
        AppSettings: com.hqjy.zikao.student (10208)
        AppSettings: com.google.android.youtube (10282)
          NotificationChannel{mId='generic_notifications', mName=一般通知, mDescription=, mImportance=2, mBypassDnd=false, 
mLockscreenVisibility=-1000, mSound=null, mLights=false, mLightColor=0, mVibration=null, mUserLockedFields=20, mFgServi
ceShown=false, mVibrationEnabled=false, mShowBadge=false, mDeleted=false, mDeletedTimeMs=-1, mGroup='null', mAudioAttri
butes=AudioAttributes: usage=USAGE_NOTIFICATION content=CONTENT_TYPE_SONIFICATION flags=0x800 tags= bundle=null, mBlock
ableSystem=false, mAllowBubbles=-1, mImportanceLockedByOEM=false, mImportanceLockedDefaultApp=false, mOriginalImp=2, mP
arent=null, mConversationId=null, mDemoted=false, mImportantConvo=false}
          NotificationChannel{mId='1', mName=订阅, mDescription=, mImportance=4, mBypassDnd=false, mLockscreenVisibility=
-1000, mSound=null, mLights=false, mLightColor=0, mVibration=null, mUserLockedFields=0, mFgServiceShown=false, mVibrati
onEnabled=false, mShowBadge=true, mDeleted=false, mDeletedTimeMs=-1, mGroup='null', mAudioAttributes=AudioAttributes: u
sage=USAGE_NOTIFICATION content=CONTENT_TYPE_SONIFICATION flags=0x800 tags= bundle=null, mBlockableSystem=false, mAllow
Bubbles=-1, mImportanceLockedByOEM=false, mImportanceLockedDefaultApp=false, mOriginalImp=4, mParent=null, mConversatio
nId=null, mDemoted=false, mImportantConvo=false}
          NotificationChannel{mId='2', mName=直播, mDescription=, mImportance=4, mBypassDnd=false, mLockscreenVisibility=
-1000, mSound=content://settings/system/notification_sound, mLights=false, mLightColor=0, mVibration=null, mUserLockedF
ields=0, mFgServiceShown=false, mVibrationEnabled=false, mShowBadge=true, mDeleted=false, mDeletedTimeMs=-1, mGroup='nu
ll', mAudioAttributes=AudioAttributes: usage=USAGE_NOTIFICATION content=CONTENT_TYPE_SONIFICATION flags=0x800 tags= bun
dle=null, mBlockableSystem=false, mAllowBubbles=-1, mImportanceLockedByOEM=false, mImportanceLockedDefaultApp=false, mO
riginalImp=4, mParent=null, mConversationId=null, mDemoted=false, mImportantConvo=false}
          NotificationChannel{mId='3', mName=评论和回复, mDescription=, mImportance=3, mBypassDnd=false, mLockscreenVisibili
ty=-1000, mSound=null, mLights=false, mLightColor=0, mVibration=null, mUserLockedFields=0, mFgServiceShown=false, mVibr
ationEnabled=false, mShowBadge=true, mDeleted=false, mDeletedTimeMs=-1, mGroup='null', mAudioAttributes=AudioAttributes
: usage=USAGE_NOTIFICATION content=CONTENT_TYPE_SONIFICATION flags=0x800 tags= bundle=null, mBlockableSystem=false, mAl
lowBubbles=-1, mImportanceLockedByOEM=false, mImportanceLockedDefaultApp=false, mOriginalImp=3, mParent=null, mConversa
tionId=null, mDemoted=false, mImportantConvo=false}
          NotificationChannel{mId='5', mName=推荐内容, mDescription=, mImportance=2, mBypassDnd=false, mLockscreenVisibilit
y=-1000, mSound=null, mLights=false, mLightColor=0, mVibration=null, mUserLockedFields=0, mFgServiceShown=false, mVibra
tionEnabled=false, mShowBadge=true, mDeleted=false, mDeletedTimeMs=-1, mGroup='null', mAudioAttributes=AudioAttributes:
 usage=USAGE_NOTIFICATION content=CONTENT_TYPE_SONIFICATION flags=0x800 tags= bundle=null, mBlockableSystem=false, mAll
owBubbles=-1, mImportanceLockedByOEM=false, mImportanceLockedDefaultApp=false, mOriginalImp=2, mParent=null, mConversat
ionId=null, mDemoted=false, mImportantConvo=false}
          NotificationChannel{mId='6', mName=产品最新动态, mDescription=, mImportance=2, mBypassDnd=false, mLockscreenVisibil
ity=-1000, mSound=null, mLights=false, mLightColor=0, mVibration=null, mUserLockedFields=0, mFgServiceShown=false, mVib
rationEnabled=false, mShowBadge=true, mDeleted=false, mDeletedTimeMs=-1, mGroup='null', mAudioAttributes=AudioAttribute
s: usage=USAGE_NOTIFICATION content=CONTENT_TYPE_SONIFICATION flags=0x800 tags= bundle=null, mBlockableSystem=false, mA
llowBubbles=-1, mImportanceLockedByOEM=false, mImportanceLockedDefaultApp=false, mOriginalImp=2, mParent=null, mConvers
ationId=null, mDemoted=false, mImportantConvo=false}
          NotificationChannel{mId='7', mName=锁定屏幕媒体控件, mDescription=, mImportance=2, mBypassDnd=false, mLockscreenVisib
ility=-1000, mSound=null, mLights=false, mLightColor=0, mVibration=null, mUserLockedFields=0, mFgServiceShown=false, mV
ibrationEnabled=false, mShowBadge=false, mDeleted=false, mDeletedTimeMs=-1, mGroup='null', mAudioAttributes=AudioAttrib
utes: usage=USAGE_NOTIFICATION content=CONTENT_TYPE_SONIFICATION flags=0x800 tags= bundle=null, mBlockableSystem=false,
 mAllowBubbles=-1, mImportanceLockedByOEM=false, mImportanceLockedDefaultApp=false, mOriginalImp=2, mParent=null, mConv
ersationId=null, mDemoted=false, mImportantConvo=false}
          NotificationChannel{mId='10', mName=在移动设备上搜索电视节目, mDescription=, mImportance=4, mBypassDnd=false, mLockscreen
Visibility=-1000, mSound=content://settings/system/notification_sound, mLights=false, mLightColor=0, mVibration=null, m
UserLockedFields=0, mFgServiceShown=false, mVibrationEnabled=false, mShowBadge=true, mDeleted=false, mDeletedTimeMs=-1,
 mGroup='null', mAudioAttributes=AudioAttributes: usage=USAGE_NOTIFICATION content=CONTENT_TYPE_SONIFICATION flags=0x80
0 tags= bundle=null, mBlockableSystem=false, mAllowBubbles=-1, mImportanceLockedByOEM=false, mImportanceLockedDefaultAp
p=false, mOriginalImp=4, mParent=null, mConversationId=null, mDemoted=false, mImportantConvo=false}
>       key='com.autonavi.minimap',
        numEnqueuedByApp=5,
        numPostedByApp=4,
        numUpdatedByApp=1,
        numRemovedByApp=3,
        numPeopleCacheHit=10,
        numWithStaredPeople=0,
        numWithValidPeople=0,
        numPeopleCacheMiss=0,
        numBlocked=0,
        numSuspendedByAdmin=0,
        numWithActions=0,
        numPrivate=5,
        numSecret=0,
        numInterrupt=0,
        numWithBigText=0,
        numWithBigPicture=0
        numForegroundService=5
        numOngoing=5
        numAutoCancel=0
        numWithLargeIcon=5
        numWithInbox=0
        numWithMediaSession=0
        numWithTitle=5
        numWithText=5
        numWithSubText=0
        numWithInfoText=0
        numRateViolations=0
        numAlertViolations=0
        numQuotaViolations=0
        numImagesRemoved=0



===== SAMPLE 16:59:29 =====

>     NotificationRecord(0x032554f6: pkg=com.autonavi.minimap user=UserHandle{0} id=99910001 tag=null importance=2 key=
0|com.autonavi.minimap|99910001|null|10221: Notification(channel=ROUTE_CHANNEL_ID shortcut=null contentView=null vibrat
e=null sound=null tick defaults=0x0 flags=0x62 color=0x00000000 category=navigation groupKey=ranker_group99910001 capsu
leEnableStatus=-1 vis=PRIVATE))
        uid=10221 userId=0
>       opPkg=com.autonavi.minimap
>       icon=Icon(typ=RESOURCE pkg=com.autonavi.minimap id=0x7f08096d)
        flags=0x62
        pri=0
>       key=0|com.autonavi.minimap|99910001|null|10221
        seen=false
>       groupKey=0|com.autonavi.minimap|99910001|null|10221
        notification=
              fullscreenIntent=null
>             contentIntent=PendingIntent{30c50f7: PendingIntentRecord{955f469 com.autonavi.minimap startActivity (allo
wlist: bff4549:+30s0ms/0/NOTIFICATION_SERVICE/NotificationManagerService)}}
              deleteIntent=null
              number=0
              groupAlertBehavior=0
              when=1789721304320
              tickerText=高德地图
              contentView=null
              bigContentView=null
              headsUpContentView=null
              color=0x00000000
              timeout=unknown
              extras={
                  android.title=String (高德地图)
                  android.reduced.images=Boolean (true)
                  android.subText=null
                  android.showChronometer=Boolean (false)
                  android.text=String (正在导航)
                  android.progress=Integer (0)
                  android.progressMax=Integer (0)
                  specialType=String (floating_window_notification)
>                 android.appInfo=ApplicationInfo (ApplicationInfo{2f3eb64 com.autonavi.minimap})
                  android.showWhen=Boolean (true)
                  notification_should_ringtone=Boolean (false)
                  externalChannelType=Integer (3)
                  android.largeIcon=Icon (Icon(typ=BITMAP size=102x102))
                  PopupBackgroundWindowPrevilege=Boolean (false)
                  android.infoText=null
                  topFullscreen=Boolean (false)
                  isRequestSingleLine=Boolean (false)
                  android.progressIndeterminate=Boolean (false)
                  android.remoteInputHistory=null
                  gameDndOn=Boolean (false)
>                 com.autonavi.minimap.navigating=Boolean (true)
              }
        publicNotification=
              None
        stats=SingleNotificationStats{posttimeElapsedMs=2384251038, posttimeToFirstClickMs=-1, posttimeToDismissMs=-1, 
airtimeCount=0, airtimeMs=0, currentAirtimeStartElapsedMs=-1, airtimeExpandedMs=0, posttimeToFirstVisibleExpansionMs=-1
, currentAirtimeExpandedStartElapsedMs=-1, requestedImportance=3, naturalImportance=2, isNoisy=false}
        mContactAffinity=0.0
        mRecentlyIntrusive=false
        mPackagePriority=0
        mPackageVisibility=-1000
        mSystemImportance=UNSPECIFIED
        mAsstImportance=UNSPECIFIED
        mImportance=LOW
        mImportanceExplanation=app
        mIsAppImportanceLocked=false
        mIntercept=false
        mHidden==false
        mGlobalSortKey=crtcl=0x0002:intrsv=1:grnk=0x0006:gsmry=1:nsk:rnk=0x0006
        mRankingTimeMs=1789721304320
        mCreationTimeMs=1789721303462
        mVisibleSinceMs=0
        mUpdateTimeMs=1789721304329
        mInterruptionTimeMs=1789721304329
        mSuppressedVisualEffects= 0
        mSound= null
        mVibration= null
        mAttributes= AudioAttributes: usage=USAGE_NOTIFICATION content=CONTENT_TYPE_SONIFICATION flags=0x800 tags= bund
le=null
        mLight= null
        mShowBadge=true
        mColorized=false
        mAllowBubble=false
        isBubble=false
>       AppSettings: com.autonavi.minimap (10221)
          NotificationChannel{mId='com.huawei.android.pushagent16320', mName=普通通知, mDescription=, mImportance=3, mBypas
sDnd=false, mLockscreenVisibility=-1000, mSound=content://settings/system/notification_sound, mLights=true, mLightColor
=0, mVibration=null, mUserLockedFields=0, mFgServiceShown=false, mVibrationEnabled=true, mShowBadge=true, mDeleted=fals
e, mDeletedTimeMs=-1, mGroup='null', mAudioAttributes=AudioAttributes: usage=USAGE_NOTIFICATION content=CONTENT_TYPE_SO
NIFICATION flags=0x800 tags= bundle=null, mBlockableSystem=false, mAllowBubbles=-1, mImportanceLockedByOEM=false, mImpo
rtanceLockedDefaultApp=false, mOriginalImp=3, mParent=null, mConversationId=null, mDemoted=false, mImportantConvo=false
}
          NotificationChannel{mId='COMMON_CHANNEL_ID', mName=其他通知, mDescription=hasDescription , mImportance=2, mBypass
Dnd=false, mLockscreenVisibility=-1000, mSound=null, mLights=false, mLightColor=0, mVibration=null, mUserLockedFields=2
0, mFgServiceShown=true, mVibrationEnabled=false, mShowBadge=true, mDeleted=false, mDeletedTimeMs=-1, mGroup='COMMON', 
mAudioAttributes=AudioAttributes: usage=USAGE_NOTIFICATION content=CONTENT_TYPE_SONIFICATION flags=0x800 tags= bundle=n
ull, mBlockableSystem=false, mAllowBubbles=-1, mImportanceLockedByOEM=false, mImportanceLockedDefaultApp=false, mOrigin
alImp=2, mParent=null, mConversationId=null, mDemoted=false, mImportantConvo=false}
          NotificationChannel{mId='com.huawei.android.pushagent.low62953', mName=营销通知, mDescription=, mImportance=1, mB
ypassDnd=false, mLockscreenVisibility=-1, mSound=null, mLights=false, mLightColor=0, mVibration=null, mUserLockedFields
=22, mFgServiceShown=false, mVibrationEnabled=false, mShowBadge=true, mDeleted=false, mDeletedTimeMs=-1, mGroup='null',
 mAudioAttributes=AudioAttributes: usage=USAGE_NOTIFICATION content=CONTENT_TYPE_SONIFICATION flags=0x800 tags= bundle=
null, mBlockableSystem=false, mAllowBubbles=-1, mImportanceLockedByOEM=false, mImportanceLockedDefaultApp=false, mOrigi
nalImp=1, mParent=null, mConversationId=null, mDemoted=false, mImportantConvo=false}
          NotificationChannel{mId='ORDER_CHANNEL_ID', mName=订单通知, mDescription=hasDescription , mImportance=2, mBypassD
nd=false, mLockscreenVisibility=-1000, mSound=null, mLights=false, mLightColor=0, mVibration=null, mUserLockedFields=20
, mFgServiceShown=true, mVibrationEnabled=false, mShowBadge=true, mDeleted=false, mDeletedTimeMs=-1, mGroup='ORDER', mA
udioAttributes=AudioAttributes: usage=USAGE_NOTIFICATION content=CONTENT_TYPE_SONIFICATION flags=0x800 tags= bundle=nul
l, mBlockableSystem=false, mAllowBubbles=-1, mImportanceLockedByOEM=false, mImportanceLockedDefaultApp=false, mOriginal
Imp=2, mParent=null, mConversationId=null, mDemoted=false, mImportantConvo=false}
          NotificationChannel{mId='ROUTE_CHANNEL_ID', mName=导航通知, mDescription=hasDescription , mImportance=2, mBypassD
nd=false, mLockscreenVisibility=-1000, mSound=null, mLights=false, mLightColor=0, mVibration=null, mUserLockedFields=20
, mFgServiceShown=true, mVibrationEnabled=false, mShowBadge=true, mDeleted=false, mDeletedTimeMs=-1, mGroup='ROUTE', mA
udioAttributes=AudioAttributes: usage=USAGE_NOTIFICATION content=CONTENT_TYPE_SONIFICATION flags=0x800 tags= bundle=nul
l, mBlockableSystem=false, mAllowBubbles=-1, mImportanceLockedByOEM=false, mImportanceLockedDefaultApp=false, mOriginal
Imp=2, mParent=null, mConversationId=null, mDemoted=false, mImportantConvo=false}
          NotificationChannel{mId='ScreenRecorderService.Channel', mName=录屏服务, mDescription=, mImportance=4, mBypassDnd
=false, mLockscreenVisibility=-1000, mSound=content://settings/system/notification_sound, mLights=false, mLightColor=0,
 mVibration=null, mUserLockedFields=0, mFgServiceShown=true, mVibrationEnabled=false, mShowBadge=true, mDeleted=false, 
mDeletedTimeMs=-1, mGroup='null', mAudioAttributes=AudioAttributes: usage=USAGE_NOTIFICATION content=CONTENT_TYPE_SONIF
ICATION flags=0x800 tags= bundle=null, mBlockableSystem=false, mAllowBubbles=-1, mImportanceLockedByOEM=false, mImporta
nceLockedDefaultApp=false, mOriginalImp=4, mParent=null, mConversationId=null, mDemoted=false, mImportantConvo=false}
          NotificationChannelGroup{mId='ROUTE', mName=导航通知, mDescription=, mBlocked=false, mChannels=[], mUserLockedFie
lds=0}
          NotificationChannelGroup{mId='ORDER', mName=订单通知, mDescription=, mBlocked=false, mChannels=[], mUserLockedFie
lds=0}
          NotificationChannelGroup{mId='COMMON', mName=常规通知, mDescription=, mBlocked=false, mChannels=[], mUserLockedFi
elds=0}
        AppSettings: com.android.systemui (10084)
          NotificationChannel{mId='trafficnotification', mName=流量显示, mDescription=, mImportance=1, mBypassDnd=false, mL
ockscreenVisibility=-1000, mSound=content://settings/system/notification_sound, mLights=false, mLightColor=0, mVibratio
n=null, mUserLockedFields=0, mFgServiceShown=false, mVibrationEnabled=false, mShowBadge=true, mDeleted=false, mDeletedT
imeMs=-1, mGroup='null', mAudioAttributes=AudioAttributes: usage=USAGE_NOTIFICATION content=CONTENT_TYPE_SONIFICATION f
lags=0x800 tags= bundle=null, mBlockableSystem=false, mAllowBubbles=-1, mImportanceLockedByOEM=false, mImportanceLocked
DefaultApp=false, mOriginalImp=1, mParent=null, mConversationId=null, mDemoted=false, mImportantConvo=false}
          NotificationChannel{mId='ALR', mName=提醒, mDescription=, mImportance=4, mBypassDnd=false, mLockscreenVisibilit
y=-1000, mSound=content://settings/system/notification_sound, mLights=false, mLightColor=0, mVibration=null, mUserLocke
dFields=0, mFgServiceShown=false, mVibrationEnabled=false, mShowBadge=true, mDeleted=false, mDeletedTimeMs=-1, mGroup='
null', mAudioAttributes=AudioAttributes: usage=USAGE_NOTIFICATION content=CONTENT_TYPE_SONIFICATION flags=0x800 tags= b
undle=null, mBlockableSystem=false, mAllowBubbles=-1, mImportanceLockedByOEM=false, mImportanceLockedDefaultApp=false, 
mOriginalImp=4, mParent=null, mConversationId=null, mDemoted=false, mImportantConvo=false}
          NotificationChannel{mId='BAT', mName=电池, mDescription=, mImportance=5, mBypassDnd=false, mLockscreenVisibilit
y=-1000, mSound=file:///system/media/audio/ui/LowBattery.ogg, mLights=false, mLightColor=0, mVibration=null, mUserLocke
dFields=0, mFgServiceShown=false, mVibrationEnabled=false, mShowBadge=true, mDeleted=false, mDeletedTimeMs=-1, mGroup='
null', mAudioAttributes=AudioAttributes: usage=USAGE_NOTIFICATION_EVENT content=CONTENT_TYPE_SONIFICATION flags=0x800 t
ags= bundle=null, mBlockableSystem=true, mAllowBubbles=-1, mImportanceLockedByOEM=false, mImportanceLockedDefaultApp=fa
lse, mOriginalImp=5, mParent=null, mConversationId=null, mDemoted=false, mImportantConvo=false}
          NotificationChannel{mId='DSK', mName=存储空间, mDescription=, mImportance=2, mBypassDnd=false, mLockscreenVisibil
ity=-1000, mSound=content://settings/system/notification_sound, mLights=false, mLightColor=0, mVibration=null, mUserLoc
kedFields=0, mFgServiceShown=false, mVibrationEnabled=false, mShowBadge=true, mDeleted=false, mDeletedTimeMs=-1, mGroup
='null', mAudioAttributes=AudioAttributes: usage=USAGE_NOTIFICATION content=CONTENT_TYPE_SONIFICATION flags=0x800 tags=
 bundle=null, mBlockableSystem=false, mAllowBubbles=-1, mImportanceLockedByOEM=false, mImportanceLockedDefaultApp=false
, mOriginalImp=2, mParent=null, mConversationId=null, mDemoted=false, mImportantConvo=false}
          NotificationChannel{mId='FLA', mName=手电筒, mDescription=, mImportance=3, mBypassDnd=false, mLockscreenVisibili
ty=-1000, mSound=null, mLights=false, mLightColor=0, mVibration=null, mUserLockedFields=0, mFgServiceShown=false, mVibr
ationEnabled=false, mShowBadge=true, mDeleted=false, mDeletedTimeMs=-1, mGroup='null', mAudioAttributes=AudioAttributes
: usage=USAGE_NOTIFICATION content=CONTENT_TYPE_SONIFICATION flags=0x800 tags= bundle=null, mBlockableSystem=false, mAl
lowBubbles=-1, mImportanceLockedByOEM=false, mImportanceLockedDefaultApp=false, mOriginalImp=3, mParent=null, mConversa
tionId=null, mDemoted=false, mImportantConvo=false}
          NotificationChannel{mId='GEN', mName=常规消息, mDescription=, mImportance=1, mBypassDnd=false, mLockscreenVisibil
ity=-1000, mSound=content://settings/system/notification_sound, mLights=false, mLightColor=0, mVibration=null, mUserLoc
kedFields=0, mFgServiceShown=false, mVibrationEnabled=false, mShowBadge=true, mDeleted=false, mDeletedTimeMs=-1, mGroup
='null', mAudioAttributes=AudioAttributes: usage=USAGE_NOTIFICATION content=CONTENT_TYPE_SONIFICATION flags=0x800 tags=
 bundle=null, mBlockableSystem=false, mAllowBubbles=-1, mImportanceLockedByOEM=false, mImportanceLockedDefaultApp=false
, mOriginalImp=1, mParent=null, mConversationId=null, mDemoted=false, mImportantConvo=false}
          NotificationChannel{mId='HNT', mName=提示, mDescription=, mImportance=3, mBypassDnd=false, mLockscreenVisibilit
y=-1000, mSound=content://settings/system/notification_sound, mLights=false, mLightColor=0, mVibration=null, mUserLocke
dFields=0, mFgServiceShown=false, mVibrationEnabled=false, mShowBadge=true, mDeleted=false, mDeletedTimeMs=-1, mGroup='
null', mAudioAttributes=AudioAttributes: usage=USAGE_NOTIFICATION content=CONTENT_TYPE_SONIFICATION flags=0x800 tags= b
undle=null, mBlockableSystem=false, mAllowBubbles=-1, mImportanceLockedByOEM=false, mImportanceLockedDefaultApp=false, 
mOriginalImp=3, mParent=null, mConversationId=null, mDemoted=false, mImportantConvo=false}
          NotificationChannel{mId='SCN_HEADSUP', mName=屏幕截图, mDescription=, mImportance=4, mBypassDnd=false, mLockscree
nVisibility=-1000, mSound=null, mLights=false, mLightColor=0, mVibration=null, mUserLockedFields=0, mFgServiceShown=fal
se, mVibrationEnabled=false, mShowBadge=true, mDeleted=false, mDeletedTimeMs=-1, mGroup='null', mAudioAttributes=AudioA
ttributes: usage=USAGE_NOTIFICATION content=CONTENT_TYPE_UNKNOWN flags=0x800 tags= bundle=null, mBlockableSystem=true, 
mAllowBubbles=-1, mImportanceLockedByOEM=false, mImportanceLockedDefaultApp=false, mOriginalImp=4, mParent=null, mConve
rsationId=null, mDemoted=false, mImportantConvo=false}
        AppSettings: com.android.nfc (1027)
          NotificationChannel{mId='HwTagDispatchService', mName=HwTagDispatchService, mDescription=, mImportance=4, mBy
passDnd=false, mLockscreenVisibility=-1000, mSound=content://settings/system/notification_sound, mLights=false, mLightC
olor=0, mVibration=null, mUserLockedFields=0, mFgServiceShown=false, mVibrationEnabled=false, mShowBadge=true, mDeleted
=false, mDeletedTimeMs=-1, mGroup='null', mAudioAttributes=AudioAttributes: usage=USAGE_NOTIFICATION content=CONTENT_TY
PE_SONIFICATION flags=0x800 tags= bundle=null, mBlockableSystem=false, mAllowBubbles=-1, mImportanceLockedByOEM=false, 
mImportanceLockedDefaultApp=false, mOriginalImp=4, mParent=null, mConversationId=null, mDemoted=false, mImportantConvo=
false}
        AppSettings: com.hqjy.zikao.student (10208)
        AppSettings: com.google.android.youtube (10282)
          NotificationChannel{mId='generic_notifications', mName=一般通知, mDescription=, mImportance=2, mBypassDnd=false, 
mLockscreenVisibility=-1000, mSound=null, mLights=false, mLightColor=0, mVibration=null, mUserLockedFields=20, mFgServi
ceShown=false, mVibrationEnabled=false, mShowBadge=false, mDeleted=false, mDeletedTimeMs=-1, mGroup='null', mAudioAttri
butes=AudioAttributes: usage=USAGE_NOTIFICATION content=CONTENT_TYPE_SONIFICATION flags=0x800 tags= bundle=null, mBlock
ableSystem=false, mAllowBubbles=-1, mImportanceLockedByOEM=false, mImportanceLockedDefaultApp=false, mOriginalImp=2, mP
arent=null, mConversationId=null, mDemoted=false, mImportantConvo=false}
          NotificationChannel{mId='1', mName=订阅, mDescription=, mImportance=4, mBypassDnd=false, mLockscreenVisibility=
-1000, mSound=null, mLights=false, mLightColor=0, mVibration=null, mUserLockedFields=0, mFgServiceShown=false, mVibrati
onEnabled=false, mShowBadge=true, mDeleted=false, mDeletedTimeMs=-1, mGroup='null', mAudioAttributes=AudioAttributes: u
sage=USAGE_NOTIFICATION content=CONTENT_TYPE_SONIFICATION flags=0x800 tags= bundle=null, mBlockableSystem=false, mAllow
Bubbles=-1, mImportanceLockedByOEM=false, mImportanceLockedDefaultApp=false, mOriginalImp=4, mParent=null, mConversatio
nId=null, mDemoted=false, mImportantConvo=false}
          NotificationChannel{mId='2', mName=直播, mDescription=, mImportance=4, mBypassDnd=false, mLockscreenVisibility=
-1000, mSound=content://settings/system/notification_sound, mLights=false, mLightColor=0, mVibration=null, mUserLockedF
ields=0, mFgServiceShown=false, mVibrationEnabled=false, mShowBadge=true, mDeleted=false, mDeletedTimeMs=-1, mGroup='nu
ll', mAudioAttributes=AudioAttributes: usage=USAGE_NOTIFICATION content=CONTENT_TYPE_SONIFICATION flags=0x800 tags= bun
dle=null, mBlockableSystem=false, mAllowBubbles=-1, mImportanceLockedByOEM=false, mImportanceLockedDefaultApp=false, mO
riginalImp=4, mParent=null, mConversationId=null, mDemoted=false, mImportantConvo=false}
          NotificationChannel{mId='3', mName=评论和回复, mDescription=, mImportance=3, mBypassDnd=false, mLockscreenVisibili
ty=-1000, mSound=null, mLights=false, mLightColor=0, mVibration=null, mUserLockedFields=0, mFgServiceShown=false, mVibr
ationEnabled=false, mShowBadge=true, mDeleted=false, mDeletedTimeMs=-1, mGroup='null', mAudioAttributes=AudioAttributes
: usage=USAGE_NOTIFICATION content=CONTENT_TYPE_SONIFICATION flags=0x800 tags= bundle=null, mBlockableSystem=false, mAl
lowBubbles=-1, mImportanceLockedByOEM=false, mImportanceLockedDefaultApp=false, mOriginalImp=3, mParent=null, mConversa
tionId=null, mDemoted=false, mImportantConvo=false}
          NotificationChannel{mId='5', mName=推荐内容, mDescription=, mImportance=2, mBypassDnd=false, mLockscreenVisibilit
y=-1000, mSound=null, mLights=false, mLightColor=0, mVibration=null, mUserLockedFields=0, mFgServiceShown=false, mVibra
tionEnabled=false, mShowBadge=true, mDeleted=false, mDeletedTimeMs=-1, mGroup='null', mAudioAttributes=AudioAttributes:
 usage=USAGE_NOTIFICATION content=CONTENT_TYPE_SONIFICATION flags=0x800 tags= bundle=null, mBlockableSystem=false, mAll
owBubbles=-1, mImportanceLockedByOEM=false, mImportanceLockedDefaultApp=false, mOriginalImp=2, mParent=null, mConversat
ionId=null, mDemoted=false, mImportantConvo=false}
          NotificationChannel{mId='6', mName=产品最新动态, mDescription=, mImportance=2, mBypassDnd=false, mLockscreenVisibil
ity=-1000, mSound=null, mLights=false, mLightColor=0, mVibration=null, mUserLockedFields=0, mFgServiceShown=false, mVib
rationEnabled=false, mShowBadge=true, mDeleted=false, mDeletedTimeMs=-1, mGroup='null', mAudioAttributes=AudioAttribute
s: usage=USAGE_NOTIFICATION content=CONTENT_TYPE_SONIFICATION flags=0x800 tags= bundle=null, mBlockableSystem=false, mA
llowBubbles=-1, mImportanceLockedByOEM=false, mImportanceLockedDefaultApp=false, mOriginalImp=2, mParent=null, mConvers
ationId=null, mDemoted=false, mImportantConvo=false}
          NotificationChannel{mId='7', mName=锁定屏幕媒体控件, mDescription=, mImportance=2, mBypassDnd=false, mLockscreenVisib
ility=-1000, mSound=null, mLights=false, mLightColor=0, mVibration=null, mUserLockedFields=0, mFgServiceShown=false, mV
ibrationEnabled=false, mShowBadge=false, mDeleted=false, mDeletedTimeMs=-1, mGroup='null', mAudioAttributes=AudioAttrib
utes: usage=USAGE_NOTIFICATION content=CONTENT_TYPE_SONIFICATION flags=0x800 tags= bundle=null, mBlockableSystem=false,
 mAllowBubbles=-1, mImportanceLockedByOEM=false, mImportanceLockedDefaultApp=false, mOriginalImp=2, mParent=null, mConv
ersationId=null, mDemoted=false, mImportantConvo=false}
          NotificationChannel{mId='10', mName=在移动设备上搜索电视节目, mDescription=, mImportance=4, mBypassDnd=false, mLockscreen
Visibility=-1000, mSound=content://settings/system/notification_sound, mLights=false, mLightColor=0, mVibration=null, m
UserLockedFields=0, mFgServiceShown=false, mVibrationEnabled=false, mShowBadge=true, mDeleted=false, mDeletedTimeMs=-1,
 mGroup='null', mAudioAttributes=AudioAttributes: usage=USAGE_NOTIFICATION content=CONTENT_TYPE_SONIFICATION flags=0x80
0 tags= bundle=null, mBlockableSystem=false, mAllowBubbles=-1, mImportanceLockedByOEM=false, mImportanceLockedDefaultAp
p=false, mOriginalImp=4, mParent=null, mConversationId=null, mDemoted=false, mImportantConvo=false}
>       key='com.autonavi.minimap',
        numEnqueuedByApp=5,
        numPostedByApp=4,
        numUpdatedByApp=1,
        numRemovedByApp=3,
        numPeopleCacheHit=10,
        numWithStaredPeople=0,
        numWithValidPeople=0,
        numPeopleCacheMiss=0,
        numBlocked=0,
        numSuspendedByAdmin=0,
        numWithActions=0,
        numPrivate=5,
        numSecret=0,
        numInterrupt=0,
        numWithBigText=0,
        numWithBigPicture=0
        numForegroundService=5
        numOngoing=5
        numAutoCancel=0
        numWithLargeIcon=5
        numWithInbox=0
        numWithMediaSession=0
        numWithTitle=5
        numWithText=5
        numWithSubText=0
        numWithInfoText=0
        numRateViolations=0
        numAlertViolations=0
        numQuotaViolations=0
        numImagesRemoved=0



===== SAMPLE 16:59:33 =====

>     NotificationRecord(0x032554f6: pkg=com.autonavi.minimap user=UserHandle{0} id=99910001 tag=null importance=2 key=
0|com.autonavi.minimap|99910001|null|10221: Notification(channel=ROUTE_CHANNEL_ID shortcut=null contentView=null vibrat
e=null sound=null tick defaults=0x0 flags=0x62 color=0x00000000 category=navigation groupKey=ranker_group99910001 capsu
leEnableStatus=-1 vis=PRIVATE))
        uid=10221 userId=0
>       opPkg=com.autonavi.minimap
>       icon=Icon(typ=RESOURCE pkg=com.autonavi.minimap id=0x7f08096d)
        flags=0x62
        pri=0
>       key=0|com.autonavi.minimap|99910001|null|10221
        seen=false
>       groupKey=0|com.autonavi.minimap|99910001|null|10221
        notification=
              fullscreenIntent=null
>             contentIntent=PendingIntent{30c50f7: PendingIntentRecord{955f469 com.autonavi.minimap startActivity (allo
wlist: bff4549:+30s0ms/0/NOTIFICATION_SERVICE/NotificationManagerService)}}
              deleteIntent=null
              number=0
              groupAlertBehavior=0
              when=1789721304320
              tickerText=高德地图
              contentView=null
              bigContentView=null
              headsUpContentView=null
              color=0x00000000
              timeout=unknown
              extras={
                  android.title=String (高德地图)
                  android.reduced.images=Boolean (true)
                  android.subText=null
                  android.showChronometer=Boolean (false)
                  android.text=String (正在导航)
                  android.progress=Integer (0)
                  android.progressMax=Integer (0)
                  specialType=String (floating_window_notification)
>                 android.appInfo=ApplicationInfo (ApplicationInfo{2f3eb64 com.autonavi.minimap})
                  android.showWhen=Boolean (true)
                  notification_should_ringtone=Boolean (false)
                  externalChannelType=Integer (3)
                  android.largeIcon=Icon (Icon(typ=BITMAP size=102x102))
                  PopupBackgroundWindowPrevilege=Boolean (false)
                  android.infoText=null
                  topFullscreen=Boolean (false)
                  isRequestSingleLine=Boolean (false)
                  android.progressIndeterminate=Boolean (false)
                  android.remoteInputHistory=null
                  gameDndOn=Boolean (false)
>                 com.autonavi.minimap.navigating=Boolean (true)
              }
        publicNotification=
              None
        stats=SingleNotificationStats{posttimeElapsedMs=2384251038, posttimeToFirstClickMs=-1, posttimeToDismissMs=-1, 
airtimeCount=0, airtimeMs=0, currentAirtimeStartElapsedMs=-1, airtimeExpandedMs=0, posttimeToFirstVisibleExpansionMs=-1
, currentAirtimeExpandedStartElapsedMs=-1, requestedImportance=3, naturalImportance=2, isNoisy=false}
        mContactAffinity=0.0
        mRecentlyIntrusive=false
        mPackagePriority=0
        mPackageVisibility=-1000
        mSystemImportance=UNSPECIFIED
        mAsstImportance=UNSPECIFIED
        mImportance=LOW
        mImportanceExplanation=app
        mIsAppImportanceLocked=false
        mIntercept=false
        mHidden==false
        mGlobalSortKey=crtcl=0x0002:intrsv=1:grnk=0x0006:gsmry=1:nsk:rnk=0x0006
        mRankingTimeMs=1789721304320
        mCreationTimeMs=1789721303462
        mVisibleSinceMs=0
        mUpdateTimeMs=1789721304329
        mInterruptionTimeMs=1789721304329
        mSuppressedVisualEffects= 0
        mSound= null
        mVibration= null
        mAttributes= AudioAttributes: usage=USAGE_NOTIFICATION content=CONTENT_TYPE_SONIFICATION flags=0x800 tags= bund
le=null
        mLight= null
        mShowBadge=true
        mColorized=false
        mAllowBubble=false
        isBubble=false
>       AppSettings: com.autonavi.minimap (10221)
          NotificationChannel{mId='com.huawei.android.pushagent16320', mName=普通通知, mDescription=, mImportance=3, mBypas
sDnd=false, mLockscreenVisibility=-1000, mSound=content://settings/system/notification_sound, mLights=true, mLightColor
=0, mVibration=null, mUserLockedFields=0, mFgServiceShown=false, mVibrationEnabled=true, mShowBadge=true, mDeleted=fals
e, mDeletedTimeMs=-1, mGroup='null', mAudioAttributes=AudioAttributes: usage=USAGE_NOTIFICATION content=CONTENT_TYPE_SO
NIFICATION flags=0x800 tags= bundle=null, mBlockableSystem=false, mAllowBubbles=-1, mImportanceLockedByOEM=false, mImpo
rtanceLockedDefaultApp=false, mOriginalImp=3, mParent=null, mConversationId=null, mDemoted=false, mImportantConvo=false
}
          NotificationChannel{mId='COMMON_CHANNEL_ID', mName=其他通知, mDescription=hasDescription , mImportance=2, mBypass
Dnd=false, mLockscreenVisibility=-1000, mSound=null, mLights=false, mLightColor=0, mVibration=null, mUserLockedFields=2
0, mFgServiceShown=true, mVibrationEnabled=false, mShowBadge=true, mDeleted=false, mDeletedTimeMs=-1, mGroup='COMMON', 
mAudioAttributes=AudioAttributes: usage=USAGE_NOTIFICATION content=CONTENT_TYPE_SONIFICATION flags=0x800 tags= bundle=n
ull, mBlockableSystem=false, mAllowBubbles=-1, mImportanceLockedByOEM=false, mImportanceLockedDefaultApp=false, mOrigin
alImp=2, mParent=null, mConversationId=null, mDemoted=false, mImportantConvo=false}
          NotificationChannel{mId='com.huawei.android.pushagent.low62953', mName=营销通知, mDescription=, mImportance=1, mB
ypassDnd=false, mLockscreenVisibility=-1, mSound=null, mLights=false, mLightColor=0, mVibration=null, mUserLockedFields
=22, mFgServiceShown=false, mVibrationEnabled=false, mShowBadge=true, mDeleted=false, mDeletedTimeMs=-1, mGroup='null',
 mAudioAttributes=AudioAttributes: usage=USAGE_NOTIFICATION content=CONTENT_TYPE_SONIFICATION flags=0x800 tags= bundle=
null, mBlockableSystem=false, mAllowBubbles=-1, mImportanceLockedByOEM=false, mImportanceLockedDefaultApp=false, mOrigi
nalImp=1, mParent=null, mConversationId=null, mDemoted=false, mImportantConvo=false}
          NotificationChannel{mId='ORDER_CHANNEL_ID', mName=订单通知, mDescription=hasDescription , mImportance=2, mBypassD
nd=false, mLockscreenVisibility=-1000, mSound=null, mLights=false, mLightColor=0, mVibration=null, mUserLockedFields=20
, mFgServiceShown=true, mVibrationEnabled=false, mShowBadge=true, mDeleted=false, mDeletedTimeMs=-1, mGroup='ORDER', mA
udioAttributes=AudioAttributes: usage=USAGE_NOTIFICATION content=CONTENT_TYPE_SONIFICATION flags=0x800 tags= bundle=nul
l, mBlockableSystem=false, mAllowBubbles=-1, mImportanceLockedByOEM=false, mImportanceLockedDefaultApp=false, mOriginal
Imp=2, mParent=null, mConversationId=null, mDemoted=false, mImportantConvo=false}
          NotificationChannel{mId='ROUTE_CHANNEL_ID', mName=导航通知, mDescription=hasDescription , mImportance=2, mBypassD
nd=false, mLockscreenVisibility=-1000, mSound=null, mLights=false, mLightColor=0, mVibration=null, mUserLockedFields=20
, mFgServiceShown=true, mVibrationEnabled=false, mShowBadge=true, mDeleted=false, mDeletedTimeMs=-1, mGroup='ROUTE', mA
udioAttributes=AudioAttributes: usage=USAGE_NOTIFICATION content=CONTENT_TYPE_SONIFICATION flags=0x800 tags= bundle=nul
l, mBlockableSystem=false, mAllowBubbles=-1, mImportanceLockedByOEM=false, mImportanceLockedDefaultApp=false, mOriginal
Imp=2, mParent=null, mConversationId=null, mDemoted=false, mImportantConvo=false}
          NotificationChannel{mId='ScreenRecorderService.Channel', mName=录屏服务, mDescription=, mImportance=4, mBypassDnd
=false, mLockscreenVisibility=-1000, mSound=content://settings/system/notification_sound, mLights=false, mLightColor=0,
 mVibration=null, mUserLockedFields=0, mFgServiceShown=true, mVibrationEnabled=false, mShowBadge=true, mDeleted=false, 
mDeletedTimeMs=-1, mGroup='null', mAudioAttributes=AudioAttributes: usage=USAGE_NOTIFICATION content=CONTENT_TYPE_SONIF
ICATION flags=0x800 tags= bundle=null, mBlockableSystem=false, mAllowBubbles=-1, mImportanceLockedByOEM=false, mImporta
nceLockedDefaultApp=false, mOriginalImp=4, mParent=null, mConversationId=null, mDemoted=false, mImportantConvo=false}
          NotificationChannelGroup{mId='ROUTE', mName=导航通知, mDescription=, mBlocked=false, mChannels=[], mUserLockedFie
lds=0}
          NotificationChannelGroup{mId='ORDER', mName=订单通知, mDescription=, mBlocked=false, mChannels=[], mUserLockedFie
lds=0}
          NotificationChannelGroup{mId='COMMON', mName=常规通知, mDescription=, mBlocked=false, mChannels=[], mUserLockedFi
elds=0}
        AppSettings: com.android.systemui (10084)
          NotificationChannel{mId='trafficnotification', mName=流量显示, mDescription=, mImportance=1, mBypassDnd=false, mL
ockscreenVisibility=-1000, mSound=content://settings/system/notification_sound, mLights=false, mLightColor=0, mVibratio
n=null, mUserLockedFields=0, mFgServiceShown=false, mVibrationEnabled=false, mShowBadge=true, mDeleted=false, mDeletedT
imeMs=-1, mGroup='null', mAudioAttributes=AudioAttributes: usage=USAGE_NOTIFICATION content=CONTENT_TYPE_SONIFICATION f
lags=0x800 tags= bundle=null, mBlockableSystem=false, mAllowBubbles=-1, mImportanceLockedByOEM=false, mImportanceLocked
DefaultApp=false, mOriginalImp=1, mParent=null, mConversationId=null, mDemoted=false, mImportantConvo=false}
          NotificationChannel{mId='ALR', mName=提醒, mDescription=, mImportance=4, mBypassDnd=false, mLockscreenVisibilit
y=-1000, mSound=content://settings/system/notification_sound, mLights=false, mLightColor=0, mVibration=null, mUserLocke
dFields=0, mFgServiceShown=false, mVibrationEnabled=false, mShowBadge=true, mDeleted=false, mDeletedTimeMs=-1, mGroup='
null', mAudioAttributes=AudioAttributes: usage=USAGE_NOTIFICATION content=CONTENT_TYPE_SONIFICATION flags=0x800 tags= b
undle=null, mBlockableSystem=false, mAllowBubbles=-1, mImportanceLockedByOEM=false, mImportanceLockedDefaultApp=false, 
mOriginalImp=4, mParent=null, mConversationId=null, mDemoted=false, mImportantConvo=false}
          NotificationChannel{mId='BAT', mName=电池, mDescription=, mImportance=5, mBypassDnd=false, mLockscreenVisibilit
y=-1000, mSound=file:///system/media/audio/ui/LowBattery.ogg, mLights=false, mLightColor=0, mVibration=null, mUserLocke
dFields=0, mFgServiceShown=false, mVibrationEnabled=false, mShowBadge=true, mDeleted=false, mDeletedTimeMs=-1, mGroup='
null', mAudioAttributes=AudioAttributes: usage=USAGE_NOTIFICATION_EVENT content=CONTENT_TYPE_SONIFICATION flags=0x800 t
ags= bundle=null, mBlockableSystem=true, mAllowBubbles=-1, mImportanceLockedByOEM=false, mImportanceLockedDefaultApp=fa
lse, mOriginalImp=5, mParent=null, mConversationId=null, mDemoted=false, mImportantConvo=false}
          NotificationChannel{mId='DSK', mName=存储空间, mDescription=, mImportance=2, mBypassDnd=false, mLockscreenVisibil
ity=-1000, mSound=content://settings/system/notification_sound, mLights=false, mLightColor=0, mVibration=null, mUserLoc
kedFields=0, mFgServiceShown=false, mVibrationEnabled=false, mShowBadge=true, mDeleted=false, mDeletedTimeMs=-1, mGroup
='null', mAudioAttributes=AudioAttributes: usage=USAGE_NOTIFICATION content=CONTENT_TYPE_SONIFICATION flags=0x800 tags=
 bundle=null, mBlockableSystem=false, mAllowBubbles=-1, mImportanceLockedByOEM=false, mImportanceLockedDefaultApp=false
, mOriginalImp=2, mParent=null, mConversationId=null, mDemoted=false, mImportantConvo=false}
          NotificationChannel{mId='FLA', mName=手电筒, mDescription=, mImportance=3, mBypassDnd=false, mLockscreenVisibili
ty=-1000, mSound=null, mLights=false, mLightColor=0, mVibration=null, mUserLockedFields=0, mFgServiceShown=false, mVibr
ationEnabled=false, mShowBadge=true, mDeleted=false, mDeletedTimeMs=-1, mGroup='null', mAudioAttributes=AudioAttributes
: usage=USAGE_NOTIFICATION content=CONTENT_TYPE_SONIFICATION flags=0x800 tags= bundle=null, mBlockableSystem=false, mAl
lowBubbles=-1, mImportanceLockedByOEM=false, mImportanceLockedDefaultApp=false, mOriginalImp=3, mParent=null, mConversa
tionId=null, mDemoted=false, mImportantConvo=false}
          NotificationChannel{mId='GEN', mName=常规消息, mDescription=, mImportance=1, mBypassDnd=false, mLockscreenVisibil
ity=-1000, mSound=content://settings/system/notification_sound, mLights=false, mLightColor=0, mVibration=null, mUserLoc
kedFields=0, mFgServiceShown=false, mVibrationEnabled=false, mShowBadge=true, mDeleted=false, mDeletedTimeMs=-1, mGroup
='null', mAudioAttributes=AudioAttributes: usage=USAGE_NOTIFICATION content=CONTENT_TYPE_SONIFICATION flags=0x800 tags=
 bundle=null, mBlockableSystem=false, mAllowBubbles=-1, mImportanceLockedByOEM=false, mImportanceLockedDefaultApp=false
, mOriginalImp=1, mParent=null, mConversationId=null, mDemoted=false, mImportantConvo=false}
          NotificationChannel{mId='HNT', mName=提示, mDescription=, mImportance=3, mBypassDnd=false, mLockscreenVisibilit
y=-1000, mSound=content://settings/system/notification_sound, mLights=false, mLightColor=0, mVibration=null, mUserLocke
dFields=0, mFgServiceShown=false, mVibrationEnabled=false, mShowBadge=true, mDeleted=false, mDeletedTimeMs=-1, mGroup='
null', mAudioAttributes=AudioAttributes: usage=USAGE_NOTIFICATION content=CONTENT_TYPE_SONIFICATION flags=0x800 tags= b
undle=null, mBlockableSystem=false, mAllowBubbles=-1, mImportanceLockedByOEM=false, mImportanceLockedDefaultApp=false, 
mOriginalImp=3, mParent=null, mConversationId=null, mDemoted=false, mImportantConvo=false}
          NotificationChannel{mId='SCN_HEADSUP', mName=屏幕截图, mDescription=, mImportance=4, mBypassDnd=false, mLockscree
nVisibility=-1000, mSound=null, mLights=false, mLightColor=0, mVibration=null, mUserLockedFields=0, mFgServiceShown=fal
se, mVibrationEnabled=false, mShowBadge=true, mDeleted=false, mDeletedTimeMs=-1, mGroup='null', mAudioAttributes=AudioA
ttributes: usage=USAGE_NOTIFICATION content=CONTENT_TYPE_UNKNOWN flags=0x800 tags= bundle=null, mBlockableSystem=true, 
mAllowBubbles=-1, mImportanceLockedByOEM=false, mImportanceLockedDefaultApp=false, mOriginalImp=4, mParent=null, mConve
rsationId=null, mDemoted=false, mImportantConvo=false}
        AppSettings: com.android.nfc (1027)
          NotificationChannel{mId='HwTagDispatchService', mName=HwTagDispatchService, mDescription=, mImportance=4, mBy
passDnd=false, mLockscreenVisibility=-1000, mSound=content://settings/system/notification_sound, mLights=false, mLightC
olor=0, mVibration=null, mUserLockedFields=0, mFgServiceShown=false, mVibrationEnabled=false, mShowBadge=true, mDeleted
=false, mDeletedTimeMs=-1, mGroup='null', mAudioAttributes=AudioAttributes: usage=USAGE_NOTIFICATION content=CONTENT_TY
PE_SONIFICATION flags=0x800 tags= bundle=null, mBlockableSystem=false, mAllowBubbles=-1, mImportanceLockedByOEM=false, 
mImportanceLockedDefaultApp=false, mOriginalImp=4, mParent=null, mConversationId=null, mDemoted=false, mImportantConvo=
false}
        AppSettings: com.hqjy.zikao.student (10208)
        AppSettings: com.google.android.youtube (10282)
          NotificationChannel{mId='generic_notifications', mName=一般通知, mDescription=, mImportance=2, mBypassDnd=false, 
mLockscreenVisibility=-1000, mSound=null, mLights=false, mLightColor=0, mVibration=null, mUserLockedFields=20, mFgServi
ceShown=false, mVibrationEnabled=false, mShowBadge=false, mDeleted=false, mDeletedTimeMs=-1, mGroup='null', mAudioAttri
butes=AudioAttributes: usage=USAGE_NOTIFICATION content=CONTENT_TYPE_SONIFICATION flags=0x800 tags= bundle=null, mBlock
ableSystem=false, mAllowBubbles=-1, mImportanceLockedByOEM=false, mImportanceLockedDefaultApp=false, mOriginalImp=2, mP
arent=null, mConversationId=null, mDemoted=false, mImportantConvo=false}
          NotificationChannel{mId='1', mName=订阅, mDescription=, mImportance=4, mBypassDnd=false, mLockscreenVisibility=
-1000, mSound=null, mLights=false, mLightColor=0, mVibration=null, mUserLockedFields=0, mFgServiceShown=false, mVibrati
onEnabled=false, mShowBadge=true, mDeleted=false, mDeletedTimeMs=-1, mGroup='null', mAudioAttributes=AudioAttributes: u
sage=USAGE_NOTIFICATION content=CONTENT_TYPE_SONIFICATION flags=0x800 tags= bundle=null, mBlockableSystem=false, mAllow
Bubbles=-1, mImportanceLockedByOEM=false, mImportanceLockedDefaultApp=false, mOriginalImp=4, mParent=null, mConversatio
nId=null, mDemoted=false, mImportantConvo=false}
          NotificationChannel{mId='2', mName=直播, mDescription=, mImportance=4, mBypassDnd=false, mLockscreenVisibility=
-1000, mSound=content://settings/system/notification_sound, mLights=false, mLightColor=0, mVibration=null, mUserLockedF
ields=0, mFgServiceShown=false, mVibrationEnabled=false, mShowBadge=true, mDeleted=false, mDeletedTimeMs=-1, mGroup='nu
ll', mAudioAttributes=AudioAttributes: usage=USAGE_NOTIFICATION content=CONTENT_TYPE_SONIFICATION flags=0x800 tags= bun
dle=null, mBlockableSystem=false, mAllowBubbles=-1, mImportanceLockedByOEM=false, mImportanceLockedDefaultApp=false, mO
riginalImp=4, mParent=null, mConversationId=null, mDemoted=false, mImportantConvo=false}
          NotificationChannel{mId='3', mName=评论和回复, mDescription=, mImportance=3, mBypassDnd=false, mLockscreenVisibili
ty=-1000, mSound=null, mLights=false, mLightColor=0, mVibration=null, mUserLockedFields=0, mFgServiceShown=false, mVibr
ationEnabled=false, mShowBadge=true, mDeleted=false, mDeletedTimeMs=-1, mGroup='null', mAudioAttributes=AudioAttributes
: usage=USAGE_NOTIFICATION content=CONTENT_TYPE_SONIFICATION flags=0x800 tags= bundle=null, mBlockableSystem=false, mAl
lowBubbles=-1, mImportanceLockedByOEM=false, mImportanceLockedDefaultApp=false, mOriginalImp=3, mParent=null, mConversa
tionId=null, mDemoted=false, mImportantConvo=false}
          NotificationChannel{mId='5', mName=推荐内容, mDescription=, mImportance=2, mBypassDnd=false, mLockscreenVisibilit
y=-1000, mSound=null, mLights=false, mLightColor=0, mVibration=null, mUserLockedFields=0, mFgServiceShown=false, mVibra
tionEnabled=false, mShowBadge=true, mDeleted=false, mDeletedTimeMs=-1, mGroup='null', mAudioAttributes=AudioAttributes:
 usage=USAGE_NOTIFICATION content=CONTENT_TYPE_SONIFICATION flags=0x800 tags= bundle=null, mBlockableSystem=false, mAll
owBubbles=-1, mImportanceLockedByOEM=false, mImportanceLockedDefaultApp=false, mOriginalImp=2, mParent=null, mConversat
ionId=null, mDemoted=false, mImportantConvo=false}
          NotificationChannel{mId='6', mName=产品最新动态, mDescription=, mImportance=2, mBypassDnd=false, mLockscreenVisibil
ity=-1000, mSound=null, mLights=false, mLightColor=0, mVibration=null, mUserLockedFields=0, mFgServiceShown=false, mVib
rationEnabled=false, mShowBadge=true, mDeleted=false, mDeletedTimeMs=-1, mGroup='null', mAudioAttributes=AudioAttribute
s: usage=USAGE_NOTIFICATION content=CONTENT_TYPE_SONIFICATION flags=0x800 tags= bundle=null, mBlockableSystem=false, mA
llowBubbles=-1, mImportanceLockedByOEM=false, mImportanceLockedDefaultApp=false, mOriginalImp=2, mParent=null, mConvers
ationId=null, mDemoted=false, mImportantConvo=false}
          NotificationChannel{mId='7', mName=锁定屏幕媒体控件, mDescription=, mImportance=2, mBypassDnd=false, mLockscreenVisib
ility=-1000, mSound=null, mLights=false, mLightColor=0, mVibration=null, mUserLockedFields=0, mFgServiceShown=false, mV
ibrationEnabled=false, mShowBadge=false, mDeleted=false, mDeletedTimeMs=-1, mGroup='null', mAudioAttributes=AudioAttrib
utes: usage=USAGE_NOTIFICATION content=CONTENT_TYPE_SONIFICATION flags=0x800 tags= bundle=null, mBlockableSystem=false,
 mAllowBubbles=-1, mImportanceLockedByOEM=false, mImportanceLockedDefaultApp=false, mOriginalImp=2, mParent=null, mConv
ersationId=null, mDemoted=false, mImportantConvo=false}
          NotificationChannel{mId='10', mName=在移动设备上搜索电视节目, mDescription=, mImportance=4, mBypassDnd=false, mLockscreen
Visibility=-1000, mSound=content://settings/system/notification_sound, mLights=false, mLightColor=0, mVibration=null, m
UserLockedFields=0, mFgServiceShown=false, mVibrationEnabled=false, mShowBadge=true, mDeleted=false, mDeletedTimeMs=-1,
 mGroup='null', mAudioAttributes=AudioAttributes: usage=USAGE_NOTIFICATION content=CONTENT_TYPE_SONIFICATION flags=0x80
0 tags= bundle=null, mBlockableSystem=false, mAllowBubbles=-1, mImportanceLockedByOEM=false, mImportanceLockedDefaultAp
p=false, mOriginalImp=4, mParent=null, mConversationId=null, mDemoted=false, mImportantConvo=false}
>       key='com.autonavi.minimap',
        numEnqueuedByApp=5,
        numPostedByApp=4,
        numUpdatedByApp=1,
        numRemovedByApp=3,
        numPeopleCacheHit=10,
        numWithStaredPeople=0,
        numWithValidPeople=0,
        numPeopleCacheMiss=0,
        numBlocked=0,
        numSuspendedByAdmin=0,
        numWithActions=0,
        numPrivate=5,
        numSecret=0,
        numInterrupt=0,
        numWithBigText=0,
        numWithBigPicture=0
        numForegroundService=5
        numOngoing=5
        numAutoCancel=0
        numWithLargeIcon=5
        numWithInbox=0
        numWithMediaSession=0
        numWithTitle=5
        numWithText=5
        numWithSubText=0
        numWithInfoText=0
        numRateViolations=0
        numAlertViolations=0
        numQuotaViolations=0
        numImagesRemoved=0



===== SAMPLE 16:59:36 =====

>     NotificationRecord(0x032554f6: pkg=com.autonavi.minimap user=UserHandle{0} id=99910001 tag=null importance=2 key=
0|com.autonavi.minimap|99910001|null|10221: Notification(channel=ROUTE_CHANNEL_ID shortcut=null contentView=null vibrat
e=null sound=null tick defaults=0x0 flags=0x62 color=0x00000000 category=navigation groupKey=ranker_group99910001 capsu
leEnableStatus=-1 vis=PRIVATE))
        uid=10221 userId=0
>       opPkg=com.autonavi.minimap
>       icon=Icon(typ=RESOURCE pkg=com.autonavi.minimap id=0x7f08096d)
        flags=0x62
        pri=0
>       key=0|com.autonavi.minimap|99910001|null|10221
        seen=false
>       groupKey=0|com.autonavi.minimap|99910001|null|10221
        notification=
              fullscreenIntent=null
>             contentIntent=PendingIntent{30c50f7: PendingIntentRecord{955f469 com.autonavi.minimap startActivity (allo
wlist: bff4549:+30s0ms/0/NOTIFICATION_SERVICE/NotificationManagerService)}}
              deleteIntent=null
              number=0
              groupAlertBehavior=0
              when=1789721304320
              tickerText=高德地图
              contentView=null
              bigContentView=null
              headsUpContentView=null
              color=0x00000000
              timeout=unknown
              extras={
                  android.title=String (高德地图)
                  android.reduced.images=Boolean (true)
                  android.subText=null
                  android.showChronometer=Boolean (false)
                  android.text=String (正在导航)
                  android.progress=Integer (0)
                  android.progressMax=Integer (0)
                  specialType=String (floating_window_notification)
>                 android.appInfo=ApplicationInfo (ApplicationInfo{2f3eb64 com.autonavi.minimap})
                  android.showWhen=Boolean (true)
                  notification_should_ringtone=Boolean (false)
                  externalChannelType=Integer (3)
                  android.largeIcon=Icon (Icon(typ=BITMAP size=102x102))
                  PopupBackgroundWindowPrevilege=Boolean (false)
                  android.infoText=null
                  topFullscreen=Boolean (false)
                  isRequestSingleLine=Boolean (false)
                  android.progressIndeterminate=Boolean (false)
                  android.remoteInputHistory=null
                  gameDndOn=Boolean (false)
>                 com.autonavi.minimap.navigating=Boolean (true)
              }
        publicNotification=
              None
        stats=SingleNotificationStats{posttimeElapsedMs=2384251038, posttimeToFirstClickMs=-1, posttimeToDismissMs=-1, 
airtimeCount=0, airtimeMs=0, currentAirtimeStartElapsedMs=-1, airtimeExpandedMs=0, posttimeToFirstVisibleExpansionMs=-1
, currentAirtimeExpandedStartElapsedMs=-1, requestedImportance=3, naturalImportance=2, isNoisy=false}
        mContactAffinity=0.0
        mRecentlyIntrusive=false
        mPackagePriority=0
        mPackageVisibility=-1000
        mSystemImportance=UNSPECIFIED
        mAsstImportance=UNSPECIFIED
        mImportance=LOW
        mImportanceExplanation=app
        mIsAppImportanceLocked=false
        mIntercept=false
        mHidden==false
        mGlobalSortKey=crtcl=0x0002:intrsv=1:grnk=0x0006:gsmry=1:nsk:rnk=0x0006
        mRankingTimeMs=1789721304320
        mCreationTimeMs=1789721303462
        mVisibleSinceMs=0
        mUpdateTimeMs=1789721304329
        mInterruptionTimeMs=1789721304329
        mSuppressedVisualEffects= 0
        mSound= null
        mVibration= null
        mAttributes= AudioAttributes: usage=USAGE_NOTIFICATION content=CONTENT_TYPE_SONIFICATION flags=0x800 tags= bund
le=null
        mLight= null
        mShowBadge=true
        mColorized=false
        mAllowBubble=false
        isBubble=false
>       AppSettings: com.autonavi.minimap (10221)
          NotificationChannel{mId='com.huawei.android.pushagent16320', mName=普通通知, mDescription=, mImportance=3, mBypas
sDnd=false, mLockscreenVisibility=-1000, mSound=content://settings/system/notification_sound, mLights=true, mLightColor
=0, mVibration=null, mUserLockedFields=0, mFgServiceShown=false, mVibrationEnabled=true, mShowBadge=true, mDeleted=fals
e, mDeletedTimeMs=-1, mGroup='null', mAudioAttributes=AudioAttributes: usage=USAGE_NOTIFICATION content=CONTENT_TYPE_SO
NIFICATION flags=0x800 tags= bundle=null, mBlockableSystem=false, mAllowBubbles=-1, mImportanceLockedByOEM=false, mImpo
rtanceLockedDefaultApp=false, mOriginalImp=3, mParent=null, mConversationId=null, mDemoted=false, mImportantConvo=false
}
          NotificationChannel{mId='COMMON_CHANNEL_ID', mName=其他通知, mDescription=hasDescription , mImportance=2, mBypass
Dnd=false, mLockscreenVisibility=-1000, mSound=null, mLights=false, mLightColor=0, mVibration=null, mUserLockedFields=2
0, mFgServiceShown=true, mVibrationEnabled=false, mShowBadge=true, mDeleted=false, mDeletedTimeMs=-1, mGroup='COMMON', 
mAudioAttributes=AudioAttributes: usage=USAGE_NOTIFICATION content=CONTENT_TYPE_SONIFICATION flags=0x800 tags= bundle=n
ull, mBlockableSystem=false, mAllowBubbles=-1, mImportanceLockedByOEM=false, mImportanceLockedDefaultApp=false, mOrigin
alImp=2, mParent=null, mConversationId=null, mDemoted=false, mImportantConvo=false}
          NotificationChannel{mId='com.huawei.android.pushagent.low62953', mName=营销通知, mDescription=, mImportance=1, mB
ypassDnd=false, mLockscreenVisibility=-1, mSound=null, mLights=false, mLightColor=0, mVibration=null, mUserLockedFields
=22, mFgServiceShown=false, mVibrationEnabled=false, mShowBadge=true, mDeleted=false, mDeletedTimeMs=-1, mGroup='null',
 mAudioAttributes=AudioAttributes: usage=USAGE_NOTIFICATION content=CONTENT_TYPE_SONIFICATION flags=0x800 tags= bundle=
null, mBlockableSystem=false, mAllowBubbles=-1, mImportanceLockedByOEM=false, mImportanceLockedDefaultApp=false, mOrigi
nalImp=1, mParent=null, mConversationId=null, mDemoted=false, mImportantConvo=false}
          NotificationChannel{mId='ORDER_CHANNEL_ID', mName=订单通知, mDescription=hasDescription , mImportance=2, mBypassD
nd=false, mLockscreenVisibility=-1000, mSound=null, mLights=false, mLightColor=0, mVibration=null, mUserLockedFields=20
, mFgServiceShown=true, mVibrationEnabled=false, mShowBadge=true, mDeleted=false, mDeletedTimeMs=-1, mGroup='ORDER', mA
udioAttributes=AudioAttributes: usage=USAGE_NOTIFICATION content=CONTENT_TYPE_SONIFICATION flags=0x800 tags= bundle=nul
l, mBlockableSystem=false, mAllowBubbles=-1, mImportanceLockedByOEM=false, mImportanceLockedDefaultApp=false, mOriginal
Imp=2, mParent=null, mConversationId=null, mDemoted=false, mImportantConvo=false}
          NotificationChannel{mId='ROUTE_CHANNEL_ID', mName=导航通知, mDescription=hasDescription , mImportance=2, mBypassD
nd=false, mLockscreenVisibility=-1000, mSound=null, mLights=false, mLightColor=0, mVibration=null, mUserLockedFields=20
, mFgServiceShown=true, mVibrationEnabled=false, mShowBadge=true, mDeleted=false, mDeletedTimeMs=-1, mGroup='ROUTE', mA
udioAttributes=AudioAttributes: usage=USAGE_NOTIFICATION content=CONTENT_TYPE_SONIFICATION flags=0x800 tags= bundle=nul
l, mBlockableSystem=false, mAllowBubbles=-1, mImportanceLockedByOEM=false, mImportanceLockedDefaultApp=false, mOriginal
Imp=2, mParent=null, mConversationId=null, mDemoted=false, mImportantConvo=false}
          NotificationChannel{mId='ScreenRecorderService.Channel', mName=录屏服务, mDescription=, mImportance=4, mBypassDnd
=false, mLockscreenVisibility=-1000, mSound=content://settings/system/notification_sound, mLights=false, mLightColor=0,
 mVibration=null, mUserLockedFields=0, mFgServiceShown=true, mVibrationEnabled=false, mShowBadge=true, mDeleted=false, 
mDeletedTimeMs=-1, mGroup='null', mAudioAttributes=AudioAttributes: usage=USAGE_NOTIFICATION content=CONTENT_TYPE_SONIF
ICATION flags=0x800 tags= bundle=null, mBlockableSystem=false, mAllowBubbles=-1, mImportanceLockedByOEM=false, mImporta
nceLockedDefaultApp=false, mOriginalImp=4, mParent=null, mConversationId=null, mDemoted=false, mImportantConvo=false}
          NotificationChannelGroup{mId='ROUTE', mName=导航通知, mDescription=, mBlocked=false, mChannels=[], mUserLockedFie
lds=0}
          NotificationChannelGroup{mId='ORDER', mName=订单通知, mDescription=, mBlocked=false, mChannels=[], mUserLockedFie
lds=0}
          NotificationChannelGroup{mId='COMMON', mName=常规通知, mDescription=, mBlocked=false, mChannels=[], mUserLockedFi
elds=0}
        AppSettings: com.android.systemui (10084)
          NotificationChannel{mId='trafficnotification', mName=流量显示, mDescription=, mImportance=1, mBypassDnd=false, mL
ockscreenVisibility=-1000, mSound=content://settings/system/notification_sound, mLights=false, mLightColor=0, mVibratio
n=null, mUserLockedFields=0, mFgServiceShown=false, mVibrationEnabled=false, mShowBadge=true, mDeleted=false, mDeletedT
imeMs=-1, mGroup='null', mAudioAttributes=AudioAttributes: usage=USAGE_NOTIFICATION content=CONTENT_TYPE_SONIFICATION f
lags=0x800 tags= bundle=null, mBlockableSystem=false, mAllowBubbles=-1, mImportanceLockedByOEM=false, mImportanceLocked
DefaultApp=false, mOriginalImp=1, mParent=null, mConversationId=null, mDemoted=false, mImportantConvo=false}
          NotificationChannel{mId='ALR', mName=提醒, mDescription=, mImportance=4, mBypassDnd=false, mLockscreenVisibilit
y=-1000, mSound=content://settings/system/notification_sound, mLights=false, mLightColor=0, mVibration=null, mUserLocke
dFields=0, mFgServiceShown=false, mVibrationEnabled=false, mShowBadge=true, mDeleted=false, mDeletedTimeMs=-1, mGroup='
null', mAudioAttributes=AudioAttributes: usage=USAGE_NOTIFICATION content=CONTENT_TYPE_SONIFICATION flags=0x800 tags= b
undle=null, mBlockableSystem=false, mAllowBubbles=-1, mImportanceLockedByOEM=false, mImportanceLockedDefaultApp=false, 
mOriginalImp=4, mParent=null, mConversationId=null, mDemoted=false, mImportantConvo=false}
          NotificationChannel{mId='BAT', mName=电池, mDescription=, mImportance=5, mBypassDnd=false, mLockscreenVisibilit
y=-1000, mSound=file:///system/media/audio/ui/LowBattery.ogg, mLights=false, mLightColor=0, mVibration=null, mUserLocke
dFields=0, mFgServiceShown=false, mVibrationEnabled=false, mShowBadge=true, mDeleted=false, mDeletedTimeMs=-1, mGroup='
null', mAudioAttributes=AudioAttributes: usage=USAGE_NOTIFICATION_EVENT content=CONTENT_TYPE_SONIFICATION flags=0x800 t
ags= bundle=null, mBlockableSystem=true, mAllowBubbles=-1, mImportanceLockedByOEM=false, mImportanceLockedDefaultApp=fa
lse, mOriginalImp=5, mParent=null, mConversationId=null, mDemoted=false, mImportantConvo=false}
          NotificationChannel{mId='DSK', mName=存储空间, mDescription=, mImportance=2, mBypassDnd=false, mLockscreenVisibil
ity=-1000, mSound=content://settings/system/notification_sound, mLights=false, mLightColor=0, mVibration=null, mUserLoc
kedFields=0, mFgServiceShown=false, mVibrationEnabled=false, mShowBadge=true, mDeleted=false, mDeletedTimeMs=-1, mGroup
='null', mAudioAttributes=AudioAttributes: usage=USAGE_NOTIFICATION content=CONTENT_TYPE_SONIFICATION flags=0x800 tags=
 bundle=null, mBlockableSystem=false, mAllowBubbles=-1, mImportanceLockedByOEM=false, mImportanceLockedDefaultApp=false
, mOriginalImp=2, mParent=null, mConversationId=null, mDemoted=false, mImportantConvo=false}
          NotificationChannel{mId='FLA', mName=手电筒, mDescription=, mImportance=3, mBypassDnd=false, mLockscreenVisibili
ty=-1000, mSound=null, mLights=false, mLightColor=0, mVibration=null, mUserLockedFields=0, mFgServiceShown=false, mVibr
ationEnabled=false, mShowBadge=true, mDeleted=false, mDeletedTimeMs=-1, mGroup='null', mAudioAttributes=AudioAttributes
: usage=USAGE_NOTIFICATION content=CONTENT_TYPE_SONIFICATION flags=0x800 tags= bundle=null, mBlockableSystem=false, mAl
lowBubbles=-1, mImportanceLockedByOEM=false, mImportanceLockedDefaultApp=false, mOriginalImp=3, mParent=null, mConversa
tionId=null, mDemoted=false, mImportantConvo=false}
          NotificationChannel{mId='GEN', mName=常规消息, mDescription=, mImportance=1, mBypassDnd=false, mLockscreenVisibil
ity=-1000, mSound=content://settings/system/notification_sound, mLights=false, mLightColor=0, mVibration=null, mUserLoc
kedFields=0, mFgServiceShown=false, mVibrationEnabled=false, mShowBadge=true, mDeleted=false, mDeletedTimeMs=-1, mGroup
='null', mAudioAttributes=AudioAttributes: usage=USAGE_NOTIFICATION content=CONTENT_TYPE_SONIFICATION flags=0x800 tags=
 bundle=null, mBlockableSystem=false, mAllowBubbles=-1, mImportanceLockedByOEM=false, mImportanceLockedDefaultApp=false
, mOriginalImp=1, mParent=null, mConversationId=null, mDemoted=false, mImportantConvo=false}
          NotificationChannel{mId='HNT', mName=提示, mDescription=, mImportance=3, mBypassDnd=false, mLockscreenVisibilit
y=-1000, mSound=content://settings/system/notification_sound, mLights=false, mLightColor=0, mVibration=null, mUserLocke
dFields=0, mFgServiceShown=false, mVibrationEnabled=false, mShowBadge=true, mDeleted=false, mDeletedTimeMs=-1, mGroup='
null', mAudioAttributes=AudioAttributes: usage=USAGE_NOTIFICATION content=CONTENT_TYPE_SONIFICATION flags=0x800 tags= b
undle=null, mBlockableSystem=false, mAllowBubbles=-1, mImportanceLockedByOEM=false, mImportanceLockedDefaultApp=false, 
mOriginalImp=3, mParent=null, mConversationId=null, mDemoted=false, mImportantConvo=false}
          NotificationChannel{mId='SCN_HEADSUP', mName=屏幕截图, mDescription=, mImportance=4, mBypassDnd=false, mLockscree
nVisibility=-1000, mSound=null, mLights=false, mLightColor=0, mVibration=null, mUserLockedFields=0, mFgServiceShown=fal
se, mVibrationEnabled=false, mShowBadge=true, mDeleted=false, mDeletedTimeMs=-1, mGroup='null', mAudioAttributes=AudioA
ttributes: usage=USAGE_NOTIFICATION content=CONTENT_TYPE_UNKNOWN flags=0x800 tags= bundle=null, mBlockableSystem=true, 
mAllowBubbles=-1, mImportanceLockedByOEM=false, mImportanceLockedDefaultApp=false, mOriginalImp=4, mParent=null, mConve
rsationId=null, mDemoted=false, mImportantConvo=false}
        AppSettings: com.android.nfc (1027)
          NotificationChannel{mId='HwTagDispatchService', mName=HwTagDispatchService, mDescription=, mImportance=4, mBy
passDnd=false, mLockscreenVisibility=-1000, mSound=content://settings/system/notification_sound, mLights=false, mLightC
olor=0, mVibration=null, mUserLockedFields=0, mFgServiceShown=false, mVibrationEnabled=false, mShowBadge=true, mDeleted
=false, mDeletedTimeMs=-1, mGroup='null', mAudioAttributes=AudioAttributes: usage=USAGE_NOTIFICATION content=CONTENT_TY
PE_SONIFICATION flags=0x800 tags= bundle=null, mBlockableSystem=false, mAllowBubbles=-1, mImportanceLockedByOEM=false, 
mImportanceLockedDefaultApp=false, mOriginalImp=4, mParent=null, mConversationId=null, mDemoted=false, mImportantConvo=
false}
        AppSettings: com.hqjy.zikao.student (10208)
        AppSettings: com.google.android.youtube (10282)
          NotificationChannel{mId='generic_notifications', mName=一般通知, mDescription=, mImportance=2, mBypassDnd=false, 
mLockscreenVisibility=-1000, mSound=null, mLights=false, mLightColor=0, mVibration=null, mUserLockedFields=20, mFgServi
ceShown=false, mVibrationEnabled=false, mShowBadge=false, mDeleted=false, mDeletedTimeMs=-1, mGroup='null', mAudioAttri
butes=AudioAttributes: usage=USAGE_NOTIFICATION content=CONTENT_TYPE_SONIFICATION flags=0x800 tags= bundle=null, mBlock
ableSystem=false, mAllowBubbles=-1, mImportanceLockedByOEM=false, mImportanceLockedDefaultApp=false, mOriginalImp=2, mP
arent=null, mConversationId=null, mDemoted=false, mImportantConvo=false}
          NotificationChannel{mId='1', mName=订阅, mDescription=, mImportance=4, mBypassDnd=false, mLockscreenVisibility=
-1000, mSound=null, mLights=false, mLightColor=0, mVibration=null, mUserLockedFields=0, mFgServiceShown=false, mVibrati
onEnabled=false, mShowBadge=true, mDeleted=false, mDeletedTimeMs=-1, mGroup='null', mAudioAttributes=AudioAttributes: u
sage=USAGE_NOTIFICATION content=CONTENT_TYPE_SONIFICATION flags=0x800 tags= bundle=null, mBlockableSystem=false, mAllow
Bubbles=-1, mImportanceLockedByOEM=false, mImportanceLockedDefaultApp=false, mOriginalImp=4, mParent=null, mConversatio
nId=null, mDemoted=false, mImportantConvo=false}
          NotificationChannel{mId='2', mName=直播, mDescription=, mImportance=4, mBypassDnd=false, mLockscreenVisibility=
-1000, mSound=content://settings/system/notification_sound, mLights=false, mLightColor=0, mVibration=null, mUserLockedF
ields=0, mFgServiceShown=false, mVibrationEnabled=false, mShowBadge=true, mDeleted=false, mDeletedTimeMs=-1, mGroup='nu
ll', mAudioAttributes=AudioAttributes: usage=USAGE_NOTIFICATION content=CONTENT_TYPE_SONIFICATION flags=0x800 tags= bun
dle=null, mBlockableSystem=false, mAllowBubbles=-1, mImportanceLockedByOEM=false, mImportanceLockedDefaultApp=false, mO
riginalImp=4, mParent=null, mConversationId=null, mDemoted=false, mImportantConvo=false}
          NotificationChannel{mId='3', mName=评论和回复, mDescription=, mImportance=3, mBypassDnd=false, mLockscreenVisibili
ty=-1000, mSound=null, mLights=false, mLightColor=0, mVibration=null, mUserLockedFields=0, mFgServiceShown=false, mVibr
ationEnabled=false, mShowBadge=true, mDeleted=false, mDeletedTimeMs=-1, mGroup='null', mAudioAttributes=AudioAttributes
: usage=USAGE_NOTIFICATION content=CONTENT_TYPE_SONIFICATION flags=0x800 tags= bundle=null, mBlockableSystem=false, mAl
lowBubbles=-1, mImportanceLockedByOEM=false, mImportanceLockedDefaultApp=false, mOriginalImp=3, mParent=null, mConversa
tionId=null, mDemoted=false, mImportantConvo=false}
          NotificationChannel{mId='5', mName=推荐内容, mDescription=, mImportance=2, mBypassDnd=false, mLockscreenVisibilit
y=-1000, mSound=null, mLights=false, mLightColor=0, mVibration=null, mUserLockedFields=0, mFgServiceShown=false, mVibra
tionEnabled=false, mShowBadge=true, mDeleted=false, mDeletedTimeMs=-1, mGroup='null', mAudioAttributes=AudioAttributes:
 usage=USAGE_NOTIFICATION content=CONTENT_TYPE_SONIFICATION flags=0x800 tags= bundle=null, mBlockableSystem=false, mAll
owBubbles=-1, mImportanceLockedByOEM=false, mImportanceLockedDefaultApp=false, mOriginalImp=2, mParent=null, mConversat
ionId=null, mDemoted=false, mImportantConvo=false}
          NotificationChannel{mId='6', mName=产品最新动态, mDescription=, mImportance=2, mBypassDnd=false, mLockscreenVisibil
ity=-1000, mSound=null, mLights=false, mLightColor=0, mVibration=null, mUserLockedFields=0, mFgServiceShown=false, mVib
rationEnabled=false, mShowBadge=true, mDeleted=false, mDeletedTimeMs=-1, mGroup='null', mAudioAttributes=AudioAttribute
s: usage=USAGE_NOTIFICATION content=CONTENT_TYPE_SONIFICATION flags=0x800 tags= bundle=null, mBlockableSystem=false, mA
llowBubbles=-1, mImportanceLockedByOEM=false, mImportanceLockedDefaultApp=false, mOriginalImp=2, mParent=null, mConvers
ationId=null, mDemoted=false, mImportantConvo=false}
          NotificationChannel{mId='7', mName=锁定屏幕媒体控件, mDescription=, mImportance=2, mBypassDnd=false, mLockscreenVisib
ility=-1000, mSound=null, mLights=false, mLightColor=0, mVibration=null, mUserLockedFields=0, mFgServiceShown=false, mV
ibrationEnabled=false, mShowBadge=false, mDeleted=false, mDeletedTimeMs=-1, mGroup='null', mAudioAttributes=AudioAttrib
utes: usage=USAGE_NOTIFICATION content=CONTENT_TYPE_SONIFICATION flags=0x800 tags= bundle=null, mBlockableSystem=false,
 mAllowBubbles=-1, mImportanceLockedByOEM=false, mImportanceLockedDefaultApp=false, mOriginalImp=2, mParent=null, mConv
ersationId=null, mDemoted=false, mImportantConvo=false}
          NotificationChannel{mId='10', mName=在移动设备上搜索电视节目, mDescription=, mImportance=4, mBypassDnd=false, mLockscreen
Visibility=-1000, mSound=content://settings/system/notification_sound, mLights=false, mLightColor=0, mVibration=null, m
UserLockedFields=0, mFgServiceShown=false, mVibrationEnabled=false, mShowBadge=true, mDeleted=false, mDeletedTimeMs=-1,
 mGroup='null', mAudioAttributes=AudioAttributes: usage=USAGE_NOTIFICATION content=CONTENT_TYPE_SONIFICATION flags=0x80
0 tags= bundle=null, mBlockableSystem=false, mAllowBubbles=-1, mImportanceLockedByOEM=false, mImportanceLockedDefaultAp
p=false, mOriginalImp=4, mParent=null, mConversationId=null, mDemoted=false, mImportantConvo=false}
>       key='com.autonavi.minimap',
        numEnqueuedByApp=5,
        numPostedByApp=4,
        numUpdatedByApp=1,
        numRemovedByApp=3,
        numPeopleCacheHit=10,
        numWithStaredPeople=0,
        numWithValidPeople=0,
        numPeopleCacheMiss=0,
        numBlocked=0,
        numSuspendedByAdmin=0,
        numWithActions=0,
        numPrivate=5,
        numSecret=0,
        numInterrupt=0,
        numWithBigText=0,
        numWithBigPicture=0
        numForegroundService=5
        numOngoing=5
        numAutoCancel=0
        numWithLargeIcon=5
        numWithInbox=0
        numWithMediaSession=0
        numWithTitle=5
        numWithText=5
        numWithSubText=0
        numWithInfoText=0
        numRateViolations=0
        numAlertViolations=0
        numQuotaViolations=0
        numImagesRemoved=0



